:020000040800F2
:100000000040042039110008C90E0008CD0E000878
:10001000D10E0008D50E0008D90E0008891100087D
:10002000000000000000000000000000DD0E0008DD
:10003000E10E000800000000E50E0008E90E0008CF
:100040008911000889110008891100088911000828
:100050008911000889110008891100088911000818
:100060008911000889110008891100088911000808
:1000700089110008891100088911000889110008F8
:1000800089110008891100088911000889110008E8
:1000900089110008891100088911000889110008D8
:1000A00089110008891100088911000889110008C8
:1000B00089110008891100088911000889110008B8
:1000C00089110008891100088911000889110008A8
:1000D000000000008911000889110008891100083A
:1000E0008911000889110008891100088911000888
:1000F0008911000889110008891100088911000878
:100100008911000889110008ED0E00088911000806
:100110008911000889110008891100088911000857
:100120008911000889110008891100088911000847
:100130008911000889110008891100088911000837
:100140008911000889110008891100088911000827
:100150008911000889110008891100088911000817
:100160000000000000000000010F000889110008D5
:1001700089110008891100088911000889110008F7
:100180008911000889110008891100080000000089
:1001900000000000891100080000000000000000BD
:1001A000000000000000000089110008891100080B
:1001B00089110008891100088911000889110008B7
:1001C00089110008891100080000000000000000EB
:1001D000000000000000000000000000891100087D
:1001E00089110008891100080000000000000000CB
:1001F0008911000889110008891100080000000019
:1002000000000000891100088911000800000000AA
:10021000000000008911000800000000891100089A
:10022000891100080000000000000000891100088A
:10023000891100080000000000000000000000001C
:10024000000000000000000000000000891100080C
:040250008911000808
:1002580010B5054C237833B9044B13B10448AFF3F8
:1002680000800123237010BDC002002000000000A0
:1002780004AE000808B5034B1BB103490348AFF3AC
:10028800008008BD00000000C402002004AE000881
:10029800034613F8012B002AFBD1181A01387047BE
:1002A80081F0004102E000BF83F0004330B54FEA1F
:1002B80041044FEA430594EA050F08BF90EA020F8C
:1002C8001FBF54EA000C55EA020C7FEA645C7FEA1F
:1002D800655C00F0E2804FEA5454D4EB5555B8BF42
:1002E8006D420CDD2C4480EA020281EA030382EAB3
:1002F800000083EA010180EA020281EA0303362D45
:1003080088BF30BD11F0004F4FEA01314FF4801C17
:100318004CEA113102D0404261EB410113F0004F29
:100328004FEA03334CEA133302D0524263EB4303E0
:1003380094EA050F00F0A780A4F10104D5F1200E7E
:100348000DDB02FA0EFC22FA05F2801841F10001D9
:1003580003FA0EF2801843FA05F359410EE0A5F1AD
:1003680020050EF1200E012A03FA0EFC28BF4CF0DE
:10037800020C43FA05F3C01851EBE37101F0004594
:1003880007D54FF0000EDCF1000C7EEB00006EEBA1
:100398000101B1F5801F1BD3B1F5001F0CD349082B
:1003A8005FEA30004FEA3C0C04F101044FEA445282
:1003B80012F5800F80F09A80BCF1004F08BF5FEA09
:1003C800500C50F1000041EB045141EA050130BDE9
:1003D8005FEA4C0C404141EB0101013C28BFB1F5FB
:1003E800801FE9D291F0000F04BF01460020B1FA46
:1003F80081F308BF2033A3F10B03B3F120020CDA19
:100408000C3208DD02F1140CC2F10C0201FA0CF0F6
:1004180021FA02F10CE002F11402D8BFC2F1200C5B
:1004280001FA02F120FA0CFCDCBF41EA0C01904011
:10043800E41AA2BF01EB0451294330BD6FEA04045A
:100448001F3C1CDA0C340EDC04F11404C4F1200245
:1004580020FA04F001FA02F340EA030021FA04F357
:1004680045EA030130BDC4F10C04C4F1200220FAAE
:1004780002F001FA04F340EA0300294630BD21FAEC
:1004880004F0294630BD94F0000F83F4801306BFB2
:1004980081F480110134013D4EE77FEA645C18BFA6
:1004A8007FEA655C29D094EA050F08BF90EA020F3D
:1004B80005D054EA000C04BF1946104630BD91EA35
:1004C800030F1EBF0021002030BD5FEA545C05D138
:1004D8004000494128BF41F0004130BD14F5800477
:1004E8003CBF01F5801130BD01F0004545F0FE41EB
:1004F80041F470014FF0000030BD7FEA645C1ABF20
:10050800194610467FEA655C1CBF0B46024650EA56
:10051800013406BF52EA033591EA030F41F4002182
:1005280030BD00BF90F0000F04BF0021704730B508
:100538004FF4806404F132044FF000054FF00001DD
:1005480050E700BF90F0000F04BF0021704730B59E
:100558004FF4806404F1320410F0004548BF404273
:100568004FF000013EE700BF42004FEAE2014FEAC8
:1005780031014FEA02701FBF12F07F4393F07F4FA3
:1005880081F06051704732F07F4208BF704793F0A6
:100598007F4F04BF41F40021704730B54FF46074B9
:1005A80001F0004521F000411CE700BF50EA0102BC
:1005B80008BF704730B54FF000050AE050EA010265
:1005C80008BF704730B511F0004502D5404261EBD5
:1005D80041014FF4806404F132045FEA915C3FF416
:1005E800D8AE4FF003025FEADC0C18BF03325FEAB3
:1005F800DC0C18BF033202EBDC02C2F1200300FA64
:1006080003FC20FA02F001FA03FE40EA0E0021FA88
:1006180002F11444BDE600BF70B54FF0FF0C4CF476
:10062800E06C1CEA11541DBF1CEA135594EA0C0F28
:1006380095EA0C0F00F0DEF82C4481EA030621EA63
:100648004C5123EA4C5350EA013518BF52EA03359E
:1006580041F4801143F4801338D0A0FB02CE4FF050
:100668000005E1FB02E506F00042E0FB03E54FF080
:100678000006E1FB03569CF0000F18BF4EF0010E78
:10068800A4F1FF04B6F5007F64F5407404D25FEA74
:100698004E0E6D4146EB060642EAC62141EA555127
:1006A8004FEAC52040EA5E504FEACE2EB4F1FD0C69
:1006B80088BFBCF5E06F1ED8BEF1004F08BF5FEAE7
:1006C800500E50F1000041EB045170BD06F0004699
:1006D80046EA010140EA020081EA0301B4EB5C0446
:1006E800C2BFD4EB0C0541EA045170BD41F480113E
:1006F8004FF0000E013C00F3AB8014F1360FDEBF63
:10070800002001F0004170BDC4F10004203C35DA3E
:100718000C341BDC04F11404C4F1200500FA05F3C1
:1007280020FA04F001FA05F240EA020001F0004262
:1007380021F0004110EBD37021FA04F642EB0601D8
:100748005EEA430E08BF20EAD37070BDC4F10C0402
:10075800C4F1200500FA04F320FA05F001FA04F2C6
:1007680040EA020001F0004110EBD37041F10001B2
:100778005EEA430E08BF20EAD37070BDC4F12005BD
:1007880000FA05F24EEA020E20FA04F301FA05F225
:1007980043EA020321FA04F001F0004121FA04F2CD
:1007A80020EA020000EBD3705EEA430E08BF20EA9D
:1007B800D37070BD94F0000F0FD101F000464000D7
:1007C80041EB010111F4801F08BF013CF7D041EA59
:1007D800060195F0000F18BF704703F0004652005D
:1007E80043EB030313F4801F08BF013DF7D043EA2E
:1007F8000603704794EA0C0F0CEA135518BF95EAE4
:100808000C0F0CD050EA410618BF52EA4306D1D16A
:1008180081EA030101F000414FF0000070BD50EA89
:10082800410606BF1046194652EA430619D094EA13
:100838000C0F02D150EA013613D195EA0C0F05D1FD
:1008480052EA03361CBF104619460AD181EA030151
:1008580001F0004141F0FE4141F470014FF0000009
:1008680070BD41F0FE4141F4780170BD70B54FF0A4
:10087800FF0C4CF4E06C1CEA11541DBF1CEA135524
:1008880094EA0C0F95EA0C0F00F0A7F8A4EB050406
:1008980081EA030E52EA03354FEA013100F08880FD
:1008A8004FEA03334FF0805545EA131343EA1263C6
:1008B8004FEA022245EA111545EA10654FEA00267B
:1008C8000EF000419D4208BF964244F1FD0404F534
:1008D800407402D25B084FEA3202B61A65EB030590
:1008E8005B084FEA32024FF480104FF4002CB6EB4D
:1008F800020E75EB030E22BFB61A754640EA0C00CD
:100908005B084FEA3202B6EB020E75EB030E22BF0C
:10091800B61A754640EA5C005B084FEA3202B6EB4D
:10092800020E75EB030E22BFB61A754640EA9C000C
:100938005B084FEA3202B6EB020E75EB030E22BFDC
:10094800B61A754640EADC0055EA060E18D04FEA9A
:10095800051545EA16754FEA06164FEAC30343EA3A
:1009680052734FEAC2025FEA1C1CC0D111F4801F07
:100978000BD141EA00014FF000004FF0004CB6E700
:1009880011F4801F04BF01430020B4F1FD0C88BF9F
:10099800BCF5E06F3FF6AFAEB5EB030C04BFB6EBAA
:1009A800020C5FEA500C50F1000041EB045170BD9D
:1009B8000EF0004E4EEA113114EB5C04C2BFD4EBCA
:1009C8000C0541EA045170BD41F480114FF0000E4E
:1009D800013C90E645EA060E8DE60CEA135594EACA
:1009E8000C0F08BF95EA0C0F3FF43BAF94EA0C0FCD
:1009F8000AD150EA01347FF434AF95EA0C0F7FF442
:100A080025AF104619462CE795EA0C0F06D152EA95
:100A180003353FF4FDAE1046194622E750EA410679
:100A280018BF52EA43067FF4C5AE50EA41047FF48A
:100A38000DAF52EA43057FF4EBAE12E74FF0FF3CEF
:100A480006E000BF4FF0010C02E000BF4FF0010CC0
:100A58004DF804CD4FEA410C7FEA6C5C4FEA430C39
:100A680018BF7FEA6C5C1BD001B050EA410C0CBF88
:100A780052EA430C91EA030F02BF90EA020F0020EA
:100A8800704710F1000F91EA030F58BF994208BF51
:100A980090422CBFD8176FEAE37040F0010070470E
:100AA8004FEA410C7FEA6C5C02D150EA013C07D165
:100AB8004FEA430C7FEA6C5CD6D152EA033CD3D0B0
:100AC8005DF8040B704700BF8446104662468C46AA
:100AD8001946634600E000BF01B5FFF7B7FF0028DD
:100AE80048BF10F1000F01BD4DF808EDFFF7F4FF06
:100AF8000CBF012000205DF808FB00BF4DF808ED91
:100B0800FFF7EAFF34BF012000205DF808FB00BFB3
:100B18004DF808EDFFF7E0FF94BF012000205DF8D5
:100B280008FB00BF4DF808EDFFF7CEFF94BF01208A
:100B380000205DF808FB00BF4DF808EDFFF7C4FF83
:100B480034BF012000205DF808FB00BF4FEA410CCC
:100B58007FEA6C5C02D150EA013C0AD14FEA430CAF
:100B68007FEA6C5C02D152EA033C02D14FF00000EC
:100B780070474FF0010070474FEA410212F500122A
:100B880015D211D56FF47873B3EB625212D94FEACC
:100B9800C12343F0004343EA505311F0004F23FAB6
:100BA80002F018BF404270474FF00000704750EA0B
:100BB800013005D111F0004008BF6FF000407047C8
:100BC8004FF00000704700BF4A0011D212F5001222
:100BD80011D20DD56FF47873B3EB62520ED44FEA8D
:100BE800C12343F0004343EA505323FA02F070470D
:100BF8004FF00000704750EA013002D14FF0FF304B
:100C080070474FF0000070474FEA4102B2F1E043ED
:100C180024BFB3F5001CDCF1FE5C0DD901F0004CDB
:100C28004FEAC0024CEA5070B2F1004F40EB83002B
:100C380008BF20F00100704711F0804F21D113F157
:100C48003872BCBF01F00040704741F480114FEA90
:100C58005252C2F11802C2F1200C10FA0CF320FA19
:100C680002F018BF40F001004FEAC1234FEAD32336
:100C780003FA0CFC40EA0C0023FA02F34FEA4303A0
:100C8800CCE77FEA625307D150EA01331EBF4FF029
:100C9800FE4040F44000704701F0004040F0FE4044
:100CA80040F40000704700BF38B500220023044616
:100CB8000D46FFF723FF28B920462946BDE83840EE
:100CC80000F00AB8204605F1004100F005F840425E
:100CD80061EB410138BD00BFD0B500220B4B064681
:100CE8000F46FFF799FCFFF76FFF0446FFF71AFC62
:100CF8000022074BFFF790FC02460B463046394668
:100D0800FFF7D2FAFFF760FF2146D0BD0000F03DA3
:100D18000000F041F0B5002401228BB0CDE9044475
:100D2800CDE906442B4B0894D3F88C502A4F45F054
:100D38000405C3F88C50D3F88C50284E05F00405F0
:100D48000095009DD3F88C50384645F08005C3F8CF
:100D58008C50D3F88C504FF4005105F08005019564
:100D6800019DD3F88C5045F00205C3F88C50D3F898
:100D78008C5005F002050295029DD3F88C5015435E
:100D8800C3F88C50D3F88C30032513400393039B8E
:100D980000F0D4FC22463046012100F0CFFC4FF48D
:100DA80000520123CDE9042300220023384604A978
:100DB800CDE90623002400F0F7FB01220123304689
:100DC80004A9CDE90645CDE9042300F0EDFB0BB0FD
:100DD800F0BD00BF000C02440008024200040242B9
:100DE800002330B59DB0CDE90A33CDE90C33CDE908
:100DF8000333CDE90533264A099302930E930793EB
:100E0800136943F030031361136903F0300301934E
:100E1800019B53691B07FCD54FF4807402234FF4E0
:100E2800805130200F9420240022CDE91233CDE9DF
:100E380016331191189301217D23082508900DEB95
:100E480004001593CDE91A2219951094149101F014
:100E5800EDFC034608B172B6FEE71F250324002205
:100E6800CDE904330023052102A8CDE90254CDE9D8
:100E7800062302F02DF808B172B6FEE7054A13689A
:100E880023F0300343F0200313601DB030BD00BFD2
:100E9800000802440020024008B500F089FAFFF774
:100EA8009FFFFFF737FF00F0DBF800F027F900F0AD
:100EB8007DF900F085F9FCE772B6FEE7704700BFE0
:100EC800FEE700BFFEE700BFFEE700BFFEE700BF8A
:100ED800FEE700BF704700BF704700BF704700BF04
:100EE80000F08CBA08B5034803F03CF9BDE80840A7
:100EF80000F048B9E0020020014800F041BD00BF01
:100F08002C0300200120704708B506F0F3FB1622D9
:100F180003464FF0FF301A6008BD00BF08B506F061
:100F2800E9FB16230360FEE770B5161E07DD0C46C5
:100F38008D19AFF3008004F8010BA542F9D13046B2
:100F480070BD00BF70B5161E07DD0C468D1914F86C
:100F5800010BAFF30080AC42F9D1304670BD00BF41
:100F68004FF0FF30704700BF4FF4005300204B6034
:100F7800704700BF01207047002070470D490346A5
:100F880010B50D4A0D4C0868121B20B1034493425A
:100F980007D80B6010BD0A4C2046034493420C60EE
:100FA800F7D906F0A7FB0C2203464FF0FF301A6072
:100FB80010BD00BFDC020020004004200004000037
:100FC80098230020F0B4002201274FF000661D4945
:100FD8001D4CD1F888301D4843F47003C1F888309F
:100FE8001B4B1C4D1F60DA611A621F683C401C6075
:100FF8009A62DA621A6358639A63D8631A64586407
:101008009A64186820F4802018601A658E60AB69AD
:1010180003F04043B3F1404F01D0F0BC7047EB6997
:10102800DB0703D50C4A0D4BEA60EB60094BF0BCBB
:10103800DA6942F00202DA61DA6942F00102DA6141
:10104800704700BF00ED00E0E3EAE2EA8002010138
:10105800000C0244002002403B2A19087F6E5D4CB8
:101068000023632110B58022F924104884B0C0E918
:101078000231CDE9023301930D4B44608261036074
:1010880002F032FF50B920220023084801A901923A
:10109800039303F04BF920B904B010BDFFF70CFF20
:1010A800F1E7FFF709FF04B010BD00BFE002002020
:1010B800001400400F4B02689A4200D0704700228B
:1010C8000D4B00B5D3F89C1083B041F02001C3F854
:1010D8009C10D3F89C30322003F020030193114672
:1010E800019B00F0AFF9322003B05DF804EB00F08B
:1010F800E5B900BF00140040000C02440223082197
:10110800002210B50848094CC37104600171C0F889
:101118000930C0F80D2000F017FB00B910BDBDE87C
:101128001040FFF7C9BE00BF2C030020006001403B
:101138000D488546FFF746FF0C480D490D4A002328
:1011480002E0D458C4500433C4188C42F9D30A4A74
:101158000A4C002301E013600432A242FBD306F0DC
:10116800CFFAFFF799FEFEE70040042000000020B8
:10117800C0020020B8B20008C0020020942300205A
:10118800FEE7000042F20F71064A13688B4202D84C
:10119800013313607047012000230349136008706E
:1011A800704700BF140600201106002008B5034848
:1011B80002F06AFFBDE8084004F002B8E00200202F
:1011C80008B50A4B1A786AB14FF0000C084909486B
:1011D8000A7883F800C082F001020A704FF40051C7
:1011E80000F0ACFABDE8084000F082B81106002013
:1011F800100600200008024269232DE9F0412F4F14
:101208002F4C788823707B7840BA062BBA88CCB0EC
:101218001FFA80FC637040D052BA92B24FEA42067D
:10122800B5B205F103011FFA81F824D8033B012B5D
:101238000ED82448D7B23A4600EB4C0001A905F075
:101248001DFA7F00324601A9E01CA77006F08DFA4E
:10125800414646460535ADB24F1C194805F08CF994
:1012680003462946A35516481B0AE35504F070FAAD
:101278004CB0BDE8F081102BEAD106261148F91DC3
:1012880000EB4C00D2B205F015FAD7F80230082569
:1012980007273146C4F80230DFE7062697E803003F
:1012A80020600848A1800122391D00EB4C0005F0A0
:1012B80001FA082507273146CFE700BF4C0900206F
:1012C8001C0800201806002010B50C4601462246CE
:1012D800044806F04AFA01220349044B0C801A70AC
:1012E80010BD00BF4C090020480900201808002044
:1012F800054B1A782AB10021044A19701278692A14
:1013080000D07047FFF778BF180800204C0900206C
:1013180070B5244E3278EAB14FF0E0231C690546D7
:1013280014F0040418D04FF47A71B1FBF2F21E4B9A
:101338001C68B4FBF2F4204600F0CEF8044648B925
:10134800024629464FF0FF3000F07CF8174B204644
:101358001D6070BD012070BD00F00CF9012817D088
:1013680002280BD00028E6D14FF4FA5231780E4B00
:10137800B2FBF1F21C68B4FBF2F4DCE74FF47A72CA
:1013880031784FF40043B2FBF1F2B3FBF2F4D2E749
:101398004FF47A7231784FF4FA43B2FBF1F2B3FBAF
:1013A800F2F4C8E704000020000000200800002034
:1013B80010B5032000F034F801F0E0FE03460C4AB3
:1013C8000C48126A0C4902F00F02825C0420D340D8
:1013D8000B6000F091F80F20FFF79AFF10B101247D
:1013E800204610BD0446FFF769FD204610BD00BF2A
:1013F800000C024420AE000800000020034A044B01
:1014080011681B780B441360704700BF780A0020EE
:1014180004000020014B1868704700BF780A0020BC
:101428004FF6FF0C06490302CA6803F4E06302EAB8
:101438000C02134343F0BF6343F40033CB6070479F
:1014480000ED00E01B4B00B5DB68C3F30223C3F1DA
:10145800070EBEF1040F03F1040C28BF4FF0040E71
:10146800BCF1060F1CD9A3F1030C4FF0FF3303FAAC
:101478000CF322EA03024FF0FF3303FA0EF321EADA
:10148800030303FA0CF313431B010028DBB20ADB46
:1014980000F1604000F5614080F800335DF804FB1E
:1014A80000229446E7E7044A00F00F00024413764E
:1014B8005DF804FB00ED00E0FCEC00E0002807DB31
:1014C800012300F01F01034A40098B4042F82030F5
:1014D800704700BF00E100E0431EB3F1807F09D2EE
:1014E8004FF0E022002053619061136943F0030339
:1014F8001361704701207047042813D8DFE800F013
:101508002A1A031213004FF0E0210B69184A23F03E
:1015180004030B61D2F8E43023F00C0343F0080312
:10152800C2F8E43070474FF0E022136943F0040337
:10153800136170474FF0E0210B690D4A23F0040353
:101548000B61D2F8E43023F00C0343F00403C2F833
:10155800E43070474FF0E0210B69054A23F004039B
:101568000B61D2F8E43023F00C03C2F8E430704782
:10157800000C02444FF0E0231B695B070FD4094BB2
:10158800D3F8E40000F00C00042806D0A0F108000D
:10159800B0FA80F0400940007047012070470420ED
:1015A800704700BF000C02442DE9F04F0C6883B06F
:1015B800002C00F0BB805F4A002302EA90224FF023
:1015C80001085D4E019264E00327D0F800B04FEAAD
:1015D800430C07FA0CF72BEA070BFF4302F0030A48
:1015E80009F1FF390AFA0CFA4AEA0B0AB9F1010FB4
:1015F8000097C0F800A040F28380032A45D0C56850
:10160800009F2F408D6805FA0CF53D43C560D50055
:101618003BD523F0030707F1884A0F2703F003059A
:10162800ED0007FA05F9019F0AF5083A07FA05F5EA
:101638006FEA0E07DAF860C012F4801F2CEA090C72
:1016480045EA0C05CAF8605035680CBF3D404EEAC3
:1016580005053560756812F4001F0CBF3D404EEA61
:1016680005057560D6F8845012F4003F0CBF3D4064
:101678004EEA0505C6F88450D6F88050D20354BF08
:101688003D404EEA0505C6F88050013334FA03F2AE
:101698004CD008FA03F515EA040EF6D04A6822F091
:1016A8001009B9F1020F8FD14FF00F0A0F694FEAF5
:1016B800D30903F0070C00EB89094FEA8C0C07F0FB
:1016C8000F0707FA0CF70AFA0CFCD9F820A02AEA47
:1016D8000C0C47EA0C07C9F820700327D0F800A0C3
:1016E8004FEA430C07FA0CF72AEA070AFF4302F00D
:1016F800030909FA0CF949EA0A090097C0F80090A9
:10170800D0F808A00AEA070ACF6807FA0CF949EAEC
:101718000A09C0F80890D0F8049029EA0509C2F32C
:1017280000159D4045EA0905456066E703B0BDE838
:10173800F08F00BF7F7F2F00002002440AB1816133
:1017480070478162704700BF30B583B0D0B190F860
:101758009532044603F0FF02002B00F0E8800323D3
:10176800206884F8953202F08DFE237C251D8DF8C3
:101778000030206895E80E0002F064FE30B10223C4
:1017880084F895320125284603B030BD014620680B
:1017980002F082FE0028F2D12279002A00F0AE8001
:1017A8004FF48073012AC4E90900E075E062A3825E
:1017B80000F0C68040F20113022AC4E9130084F83D
:1017C8003F006065A38745D04FF48173032AC4E9BD
:1017D8001D0084F86700E067A4F864303AD040F24E
:1017E8000313042AC4E9270084F88F00C4F8A4006E
:1017F800A4F88C302ED04FF48273052AC4E9310046
:1018080084F8B700C4F8CC00A4F8B43022D040F271
:101818000513062AC4E93B0084F8DF00C4F8F40085
:10182800A4F8DC3016D04FF48373072AC4E94500C6
:1018380084F80701C4F81C01A4F804310AD0002375
:1018480040F20711C4E94F3384F82F31A4F82C1162
:10185800C4F8443100230121022AC4E95933C4E9F8
:101868006333A4F8543184F85731C4F86C31A4F8C0
:101878007C1184F87F31C4F894313FD00221032AC7
:10188800C4E96D3384F8A731C4F8BC31A4F8A411B5
:1018980034D00321042AC4E9773384F8CF31C4F85B
:1018A800E431A4F8CC1129D00421052AC4E98133F4
:1018B80084F8F731C4F80C32A4F8F4111ED00521CD
:1018C800062AC4E98B3384F81F32C4F83432A4F8EA
:1018D8001C1213D00621072AC4E9953384F847322D
:1018E800C4F85C32A4F8441208D00722C4E99F3334
:1018F80084F86F32C4F88432A4F86C22237C206800
:101908008DF8003095E80E0002F0D8FD0546002855
:101918007FF435AF0122237B6074934284F89522CB
:101928000AD0206803F0E0FB284603B030BD80F8F9
:10193800942204F0C9FC12E7204600F0C5FEF0E747
:10194800C4E95900A4F8540184F85701C4F86C019B
:10195800D4E700BF90F89432012B0FD010B50123C3
:101968000446006884F8943202F084FD206803F08D
:10197800B3FB002384F89432184610BD0220704748
:101988002DE9F04F04468BB0006803F0B5FB10F466
:10199800004525D1430500F14481470417D410F4CC
:1019A800005140F08181C6047AD4050500F19D8379
:1019B800010600F17983820500F10A84C3050CD57C
:1019C8004FF6FF612268536C0B40536405E04BF6F9
:1019D800FF712268536C0B4053640BB0BDE8F08F65
:1019E8002068436C1904F8D5DFF894B50DE011F0C0
:1019F8001001036800F0F1801A0500F12D811B0425
:101A080000F13F82436C1A04E7D5416C11F00F05D1
:101A1800EDD02EB250F826703A041FFA87F957D441
:101A28003B06EFD550F826304FEA850803EA0B034A
:101A380043F4004340F8263005EB850304EBC30369
:101A4800DA7D012A00F03981197D06EB8606CA0085
:101A580004EBC60C02F1804217F480774FEAC60AFD
:101A680002F5B232DCF82C600FFA81FE40F0778183
:101A78001268C2F30942B24280F06A81B61ACCF801
:101A88002C609D6A0AF1140115449D62DCF830301F
:101A980021441344CCF8303002F054FF2068B1E7F9
:101AA80023681A6C22F004021A641A6C22F00802E5
:101AB8001A6494F8CC32012B00F09583204604F088
:101AC8008DFC4EF6FF712268536C0B40536484E71B
:101AD80050F826304FEA850823F0784323F4704302
:101AE80023F0700343F0800340F8263005EB8503AC
:101AF80004EBC30393F86021002A00F0068193F8F1
:101B0800572193F85411022A00F02A8209B250F89A
:101B1800212022F0784222F4E04222F0700242F4BE
:101B2800004242F0C00240F8212093F8542150F8B6
:101B3800223013F4804F4FF00A031DD001E0029BBE
:101B4800013B0293029B002BF9D1D20002F18042A3
:101B580002F5B2321368C3F30943E3B108EB050198
:101B680004EBC101B1F85C21D1F868119A4603F081
:101B7800F5FA12E0019B013B0193019B002BF9D17F
:101B8800D20002F1804202F5B2325368C3F309432E
:101B9800002B40F0BC824FF0000A08EB050304EB71
:101BA800C303D3F870215244C3F87021D3F86821D5
:101BB8005244C3F86821D3F86C2122B1D3F86431B8
:101BC800534540F2B181A84404EBC808204698F870
:101BD800541104F0BDFB206822E703EA0B0343F429
:101BE80000430360237DA26ADB0003F1804303F511
:101BF800B2331B682046C3F309431A442363A26225
:101C080004F0B0FB637C2068002B3FF4FBAEE36A72
:101C1800002B7FF4F7AE627C42F08002C2646374EA
:101C2800F0E64FF6FF3122682046536C0B405364B0
:101C380004F0A6FB94F89432012B3FF4CEAE0123B6
:101C480029462068657484F8943203F03FFA84F8D2
:101C580094520BB0BDE8F08F0A230593059B94F8C6
:101C680054212BB1059B013B0593059B002BF9D112
:101C7800D30003F1804303F5B2335B68B4F85A210B
:101C8800C3F30943C4F8703104F5277103F066FA09
:101C98002268B64B116820460B4043F0800313605E
:101CA80004F04EFB2068ADE64DF6FF712268536CD8
:101CB8000B4053640BB0BDE8F08F00216A1C02EBA7
:101CC800820204EBC202516093F82020A2B17F0681
:101CD8005A7D40F13381002A40F08B821B7DDB0066
:101CE80003F1804303F5B2331A6822F07C421A608C
:101CF8001A6842F000421A60454404EBC5052046C4
:101D0800297D04F02FFB20687CE693F854210A23F0
:101D18000393039B2BB1039B013B0393039B002B72
:101D2800F9D1D30003F1804303F5B2335B68C3F301
:101D38000943002B3FF42FAF08EB050104EBC10169
:101D4800B1F85A21D1F868119A4603F007FA24E746
:101D58002046CCF82C7004F005FB206852E619F0F8
:101D6800400A4FF00A0355D001E0099B013B099353
:101D7800099B002BF9D1136809F48047C3F309497B
:101D8800B14580F0D481A6EB0906CCF82C604FB1A0
:101D980050F82E10764B0B4043F4404343F0800339
:101DA80040F82E3008EB050604EBC60696F83830E6
:101DB800012B55D1B36A03EB0901B162DCF830306D
:101DC8004B44CCF83030776B736A9F42C0F0A982DD
:101DD800FF1A776308EB050604EBC60696F815C0EC
:101DE800BCF1000F40F09182166826F07C46166020
:101DF800002B40F0BC82166846F00046166008EBDF
:101E0800050204EBC202928B03F078F9206827E000
:101E1800089B013B0893089B002BF9D1536809F4F0
:101E28008047C3F30943B34200F2B181F61ACCF8F4
:101E38002C60002E00F0AE814FB950F82E604C494E
:101E4800314041F4404141F0800140F82E1008EB48
:101E5800050704EBC70797F83810012900F01E8220
:101E6800454404EBC5052A7D424B50F822100B402F
:101E780083F0300343F4004343F0800340F82230FA
:101E8800C0E50A220168394B0B4043F08003036028
:101E98000492049B94F854212BB1049B013B0493B6
:101EA800049B002BF9D1D30003F1804303F5B2332F
:101EB8005B68C3F30943C4F8703193B1D4F868116F
:101EC80079B1B4F85A2103F049F9D4F86831D4F853
:101ED8007021204613440021C4F8683104F038FA10
:101EE800206803681F053FF58DAD03F44053B3F533
:101EF800405F3FF487AD204B5A6822F07C425A601D
:101F0800D4F86421002A40F092815A6842F00042D5
:101F18005A600268194B134083F4405343F400435A
:101F280043F0800303606DE5282101FB054120682B
:101F380001F5AA7102F006FD206871E5002A40F05B
:101F480067811B7DDB0003F1804303F5B2335A68D8
:101F580022F07C425A605A6842F000425A60CBE64E
:101F680019F4804F4FF00A0357D00DE08F0FFF0789
:101F78008F8FFF07BF8FFF07006401408FBFFF07E8
:101F88000F8FFF07079B013B0793079B002BF9D196
:101F9800CB0003F1804303F5B23308EB05021B685D
:101FA80004EBC202D2F86CC1C3F309439C459A46BC
:101FB80009B2C0F04881ACEB030CC2F86CC1BCF1AB
:101FC800000F0CD150F821C0B14A0CEA020282F489
:101FD800005242F4004242F0800240F8212019F0F9
:101FE800400F0AD050F821C0AA4A0CEA020242F473
:101FF800004242F0C00240F82120002B3FF4CDAD52
:1020080008EB050104EBC101B1F85C21D1F86811B6
:1020180003F0A4F8C1E5069B013B0693069B002B41
:10202800F9D1CB0003F1804303F5B23308EB050285
:102038005B6804EBC202D2F86CC1C3F309439C4548
:102048009A4609B2C0F00481ACEB030CC2F86CC12B
:10205800BCF1000F0CD150F821C08D4A0CEA0202E5
:1020680082F4005242F4004242F0800240F82120FB
:1020780019F0400F0AD150F821C0864A0CEA020232
:1020880042F4004242F0C00240F82120002B3FF405
:1020980084AD08EB050104EBC101B1F85E21D1F86C
:1020A800681103F05BF878E54FF67F7123685A6C86
:1020B8000A405A6494F8CC22002A34D101212046DF
:1020C8001A6C42F004021A641A6C42F008021A648C
:1020D80084F8CC125B6D9B0803F03C03C4F8D03243
:1020E8000BB0BDE8F04F00F003BB4FF2FF7123685F
:1020F80020461A6C42F008021A645A6C0A405A6464
:102108001A6C42F004021A6404F04CF965E408EB16
:10211800050104EBC101B1F85E21D1F868119A46B6
:1021280003F01CF839E5204604F03CF955E4002397
:10213800CCF82C3008EB050304EBC3035B7D002BC4
:1021480040F09880136823F07C431360136843F0D1
:1021580000431360536823F07C435360536843F093
:1021680000435360204604F0FDF87FB308EB0503F5
:1021780004EBC3031A7D2068464B50F822100B402D
:1021880043F4404343F0800340F8223068E60023DC
:10219800CCF82C3008EB050304EBC3035B7D002B64
:1021A8005BD1136823F07C431360136843F000434A
:1021B8001360536823F07C435360536843F0004333
:1021C8005360204604F0CEF8002FCFD0206847E6B1
:1021D8004FF6FF5122682046536C0B40536404F0BD
:1021E800CBF8FFF7FABB204684F8CC1200F080FA4F
:1021F80064E4012A7FF480AD1B7DDB0003F180439A
:1022080003F5B2331A6892B21A601A681A6073E555
:10221800012A7FF471AD1B7DDB0003F1804303F5D8
:10222800B2335A6892B25A605A685A6064E53E2AD4
:102238005ED85108D607184A48BF0131536843EAA7
:102248008163536065E64FF0000CC2F86CC1B9E6D3
:102258004FF0000CC2F86CC1FDE6012BB1D1136838
:102268009BB213601368136053689BB25360536842
:102278005360A6E7012B7FF475AF13689BB2136018
:102288001368136053689BB253605368536069E7DF
:102298008FBFFF078F8FFF0700640140B96A194499
:1022A800B962DCF830601E44CCF83060D7F834C02E
:1022B8007E6AB44546D3ACEB06037B6308EB0503A3
:1022C80004EBC3035B7D002B30D1536823F07C43C0
:1022D8005360002E63D1536843F00043536008EB0A
:1022E800050204EBC2025346D28B02F007FF6DE7EA
:1022F8005109D5063E4A08BF01F1FF31536843EA48
:10230800816343F00043536003E6BCF1010F06D13B
:102318001668B6B21660166846EA034616609BB29F
:102328006DE5B7B94B4686F8387053E5012B06D1F1
:1023380053689BB25360536843EA064353601FFADD
:1023480086FACCE7BCF1000F1DD11E4687F838C0CD
:10235800B4E7002396F815C086F8383073633B4617
:10236800BCF1000FD1D1166826F07C4616603E2BD2
:1023780022D85F08DE07166848BF013746EA876635
:102388009BB216603BE500267B7D7E6387F838604C
:102398006646002BCAD1536823F07C4353603E2E17
:1023A80017D87708F307536848BF013743EA8763AC
:1023B8001FFA86FA536092E75F09DE06166808BFBF
:1023C80007F1FF3746EA876646F000469BB216607B
:1023D80015E57709F306536808BF07F1FF3743EAA5
:1023E800876343F000431FFA86FA536077E700BF1C
:1023F8000064014090F89422012A0DD010B5012202
:1024080004460068617484F8942202F05FFE002399
:1024180084F89432184610BD0220704710B501F0B8
:10242800070E0EEB8E0C090604464FEACC0C24D49A
:102438000CF5AA714FF0000C01440EEB8E0004EB72
:10244800C00080F855C1022BCB7008BF0023C2F32F
:102458000A0208BF0B7181F800E00A6194F894320F
:10246800012B16D00123206884F8943202F03CF83E
:10247800002384F89432184610BD0CF114014FF073
:10248800010C01440EEB8E0004EBC00080F815C06F
:10249800D9E7022010BD00BF01F0070303EB830357
:1024A80001F00702090610B54FEAC30304461AD41F
:1024B8004FF0000C03F5AA7102EB820004EBC00395
:1024C800214483F855C10A7094F89432012B1AD02C
:1024D8000123206884F8943202F082F9002384F8FA
:1024E8009432184610BD4FF0010C03F1140102EBB1
:1024F800820004EBC003214483F815C00A7094F8E5
:102508009432012BE4D1022010BD00BF38B5282534
:10251800002401F0070E05FB0E010EEB8E0C00EBFC
:10252800CC0CCCE95A23006801F5AA71CCF87041AB
:102538008CF855418CF854E102F004FA204638BD75
:1025480001F0070101EB810100EBC100D0F8700137
:10255800704700BF38B501F0070E0EEB8E0100EB97
:10256800C10C0125002461460068CCF82820CCF86D
:102578002C30CCF834308CF83850CCF830408CF80B
:1025880015508CF814E0143102F0DCF9204638BDFF
:10259800027901F007039A4236D30A0610B50446B9
:1025A8001FD44FF0000C282001EB810204EBC2027B
:1025B80082F855C1012200FB014181F8543181F8AC
:1025C800562194F8943201F5AA7193421AD02068E2
:1025D80084F8942202F00EFD002384F89432184601
:1025E80010BD0120282103EB830204EBC2025075C1
:1025F800012201FB03410B758A7594F8943214315A
:102608009342E4D1022010BD0120704738B5027909
:1026180001F00F039A4236D301F0070303EB83035B
:1026280001F00702090604464FEAC3031AD400253D
:1026380002EB820004EBC00080F85551002503F539
:10264800AA73E1180A708D7094F89432012B18D08F
:102658000123206884F8943202F0EEFC84F8945246
:10266800284638BD012502EB820004EBC000457501
:1026780000251433E1180A708D7094F89432012BF8
:10268800E6D1022038BD012038BD00BF11F0800F0F
:102698000CD001F0070101EB810100EBC1001430FF
:1026A80099B262B9C18002730020704701EB8101C1
:1026B80000EBC10000F5AA7099B2002AF2D00122FD
:1026C80083600273002070470346002110B4012480
:1026D8001A6883F8CC120846516DC3F8D8422143D2
:1026E8005165536D5DF8044B43F002035365704721
:1026F800704700BF024A936B43F0007393637047BF
:1027080000080244444B30B4996A9C6A9A6A14F4EB
:102718007C5F9D6BC4F3052035D0C2F30012C5F36E
:10272800CC0505FB02F207EE900A06EE902A01F0AE
:1027380003010129B8EEE77AFAEEE96A25D0032900
:1027480041D05B6BB7EE006AC3F3080307EE903A1B
:10275800F8EEE77ADFED315A77EE867A85EE876A0A
:1027680077EEA67A67EE867A2B4B5B6BC3F346232C
:10277800013307EE103AF8EEC76A87EEA67AFCEE48
:10278800C77A17EE900A30BC70471A6892062ED5A1
:102798001A685B6BC2F3C102C3F3080306EE103A72
:1027A8001F4BF7EE007AD340B8EEC66A05EE903AB2
:1027B80036EE276AF8EEE55AC5EE877A36EE267ABF
:1027C80067EE877AD0E75B6BB7EE006AC3F308035E
:1027D80007EE903AF8EEE77ADFED125A77EE867A4E
:1027E80085EE876A77EEA67A67EE867ABCE75B6B3A
:1027F800B7EE006AC3F3080307EE903AF8EEE77AFB
:10280800DFED095A77EE867A85EE876A77EEA67A43
:1028180067EE867AA8E700BF000C02440024744AD9
:102828000090D00320BCBE4B0024744C002800F05C
:102838004583A84A03682DE9F041D569966ADA0606
:10284800044605F0180506F0030624D5082D00F007
:102858000E81182D00F00881E3699E4F002B00F0CF
:10286800EF803B6843F480733B60FEF7D3FD8046FE
:1028780006E0FEF7CFFDA0EB0800022800F2728107
:102888003B689B05F5D5BB69226A23F47C1343EAB0
:102898000243BB612368D90738D5102D626800F060
:1028A8000081182D00F0FA80B2F5803F18D0002A78
:1028B80000F05B81B2F5A02F864B00F03B82B2F5A9
:1028C800A81F1A6800F0B58222F480321A601A68CC
:1028D80022F480221A601A6822F480121A6004E036
:1028E8007C4A136843F480331360FEF793FDDFF8E6
:1028F800E481074605E0FEF78DFDC01B642800F261
:102908003181D8F800309B03F5D52368990724D581
:10291800E368002D40F0B980002B00F0BD806D4BBE
:1029280021691A6802F018028A4240F08D81FEF788
:1029380071FD684F064605E0FEF76CFD801B022816
:1029480000F210813B689B07F6D53B69626923F466
:10295800FE0343EA02433B6123681A0719D5A369BA
:102968005C4E002B00F01C81D6F8F03043F08063F9
:10297800C6F8F030FEF74EFD074605E0FEF74AFDC3
:10298800C01B022800F2EE80D6F8F0301B01F5D506
:102998002368590736D5504E736ADA0740F1D2805A
:1029A800A368012B00F0D381002B00F0A880052B31
:1029B80000F04B82852B474BD3F8F02000F069825A
:1029C80022F00102C3F8F020D3F8F02022F004022C
:1029D800C3F8F020D3F8F02022F08002C3F8F020EA
:1029E800FEF718FD41F2883806463A4F05E0FEF733
:1029F80011FD801B404500F2B580D7F8F0309807EC
:102A0800F5D523689A0615D5636A324E002B00F077
:102A18000A81336843F480533360FEF7FBFC0746B2
:102A280005E0FEF7F7FCC01B022800F29B80336824
:102A38009B04F6D5A36A002B40F0C680002092E0E4
:102A48003B6823F480733B60FEF7E4FC804606E0B5
:102A5800FEF7E0FCA0EB0800022800F283803B6848
:102A68009805F5D4236816E7022E7FF4F5AEE269DF
:102A780092B11849206A8A6922F47C1242EA00421B
:102A88008A61D9077FF542AF07E7182D0FD1012ECC
:102A98000DD1002B7FF44BAF012064E0032E7FF4AF
:102AA80003AF002AF8D09A077FF557AFE368094EBD
:102AB800002B00F0A6803368226923F01803134323
:102AC8003360336843F001033360FEF7A3FC074625
:102AD80009E000BF000C024400080244FEF79AFC1B
:102AE800C01B02283ED833689807F7D53369626956
:102AF80023F4FE0343EA0243336123682DE79C4E27
:102B080041F28838D6F8F03023F00103C6F8F030E7
:102B1800D6F8F03023F08003C6F8F030D6F8F0305D
:102B280023F00403C6F8F030FEF774FC074604E00F
:102B3800FEF770FCC01B404514D8D6F8F030990752
:102B4800F6D45EE7736A43F001037362FEF762FC32
:102B58000746736ADB073FF523AFFEF75BFCC01B34
:102B68000228F6D90320BDE8F081814F3B6823F4A1
:102B780080333B603B6823F480133B603B6823F45D
:102B880080233B60FEF746FC804605E0FEF742FCEA
:102B9800A0EB08006428E5D83B689803F6D4B4E6AF
:102BA800D6F8F03023F08063C6F8F030FEF732FC38
:102BB800074604E0FEF72EFCC01B0228D2D8D6F840
:102BC800F0301801F6D4E3E6182D69D0022B00F096
:102BD800C680674C236823F080732360FEF71AFCD5
:102BE800054604E0FEF716FC401B0228BAD8236805
:102BF8009B01F7D4A36A23F4E02323F00303A36221
:102C08001CE7336823F001033360FEF703FC074633
:102C180004E0FEF7FFFBC01B0228A3D8336899071E
:102C2800F7D4236899E6336823F480533360FEF7BA
:102C3800F1FB074604E0FEF7EDFBC01B022891D824
:102C480033689804F7D4F5E61A6822F018020A43A4
:102C58001A60DA6902F01802082A00F02B81DA6992
:102C680012F0180F40F005811A68920640F10F81A2
:102C78001A68404BC2F3C102D3403D4A3E48126A2B
:102C88003E4902F00F02825C02F01F02D3403C4A28
:102C98000B601068FEF73CFB00283FF448AEFBE6EB
:102CA800334A012B916A556B3FF4F6AEE06A01F0A6
:102CB800030383427FF4F0AE236BC1F305219942ED
:102CC8007FF4EAAE636BC5F30801013B99427FF4D8
:102CD800E3AEA36BC5F34621013B99427FF4DCAE1A
:102CE800E36BC5F30641013B99427FF4D5AE236CF3
:102CF800C5F30665013B9D427FF4CEAE936BE26C53
:102D0800C3F3CC0393423FF499AE194A936A23F074
:102D180010039362FEF77EFB0546FEF77BFBA84295
:102D2800FBD0E26C124BD2009A639A6A42F010020E
:102D38009A6283E61A6842F480221A601A6822F4BA
:102D480080121A601A6842F480321A60CDE5084A87
:102D5800D2F8F03043F00103C2F8F03040E6044DF9
:102D68002B6823F080732B60FEF754FB06460FE0B8
:102D7800000C02440090D00320AE000800000020A0
:102D880008000020FEF746FB801B02283FF6EAAE4B
:102D98002B689901F6D4AB6AE16A23F47C53226B61
:102DA80023F003030B4343EA0223AB62D4E90E3258
:102DB800616B013B013A5B02120402F4FE02013925
:102DC8009BB21343C1F308021343226C3C4E013AF1
:102DD800120602F0FE4213436B63AB6A23F0100342
:102DE800AB62E36CDB00AB63AB6A43F01003AB622E
:102DF800AB6A626C23F00C031343AB62AB6AA26C40
:102E080023F020031343AB62AB6A43F48033AB6215
:102E18002B6843F080732B60FEF7FCFA0446336896
:102E28009A013FF50BAEFEF7F5FA001B0228F6D91A
:102E380098E642F480221A601A6842F480121A60F6
:102E48001A6842F480321A604FE51D4BD3F8F0201F
:102E580042F00402C3F8F020D3F8F02022F08002F8
:102E6800C3F8F020D3F8F02042F00102C3F8F020B4
:102E7800B6E5DA6902F01802102A1DD0DB6903F002
:102E88001803182B03D1FFF73DFC0346F5E60D4B5D
:102E9800F3E642F00402C3F8F020D3F8F02042F041
:102EA8008002C3F8F020D3F8F02042F00102C3F802
:102EB800F02095E5044BE0E6044BDEE60120704780
:102EC800000C02440090D00300093D0040787D01C9
:102ED800002800F033819E4A2DE9F041136804462A
:102EE80003F00F038B420D460CD2136823F00F0337
:102EF8000B431360136803F00F038B4202D00120C9
:102F0800BDE8F0812368D9060DD5924960690A6A3F
:102F1800120A02F07002904205D90A6A22F4E042CD
:102F280042EA00220A621A070DD58A4920690A6A0C
:102F3800120902F07002904205D90A6A22F4E0628E
:102F480042EA00120A625F070BD58249E0680A6A02
:102F580002F07002904204D90A6A22F07002024319
:102F68000A629E0703F0010240F1A580794EA0682D
:102F7800316A01F00F01884204D9316A21F00F014A
:102F88000143316282B36268724B032A1B6800F006
:102F98009A80022A00F0CE80012A00F0E7809F077D
:102FA800ADD56C4E41F28838F36923F0030313431F
:102FB800F361FEF72FFA63680746032B00F08C8055
:102FC800022B00F09480012B06D19BE0FEF722FA39
:102FD800C01B404500F2B480F36913F0180FF5D117
:102FE80023689E0707D5A0685A490A6A02F00F02AB
:102FF800824200F2998056490A6802F00F02AA42FA
:103008000AD90A6822F00F022A430A600A6802F005
:103018000F02AA427FF473AF5D070BD54D49E068F4
:103028000A6A02F07002904204D20A6A22F0700220
:1030380002430A6218070DD5464920690A6A12092F
:1030480002F07002904205D20A6A22F4E06242EA73
:1030580000120A62D9060DD53E4A6169136A1B0A35
:1030680003F07003994205D2136A23F4E04343EA5C
:1030780001231362374BDA6902F01802082A61D07B
:10308800DA6912F0180F43D11A6892064AD51A68FD
:10309800314BC2F3C102D3402E4A3048126A30493C
:1030A80002F00F02805C2F4AC340BDE8F041086877
:1030B8001360FEF72DB9002A9DD06268254B032ABC
:1030C8001B687FF466AF98013FF56BAF17E7FEF713
:1030D800A1F9C31B434533D8F36903F01803182B30
:1030E800F5D17DE7FEF796F9C01B404528D8F3696E
:1030F80003F01803102BF5D172E7FEF78BF9C01B0C
:1031080040451DD8F36903F01803082BF5D167E78C
:10311800DA6902F01802102A2CD0DB6903F01803D0
:10312800182B11D00C4BB7E70A6A22F00F020243A2
:103138000A6260E799033FF534AFE0E60120704783
:103148000320DDE6084BA7E7FFF7DCFA0346A3E711
:1031580000200240000C02440090D00320AE00087A
:10316800080000200000002000093D009B053FF5F5
:1031780018AFC4E6004B8FE740787D01124BDA693F
:1031880002F01802082A18D0DA6912F0180F08D1CC
:103198001A6892060FD51B680C48C3F3C103D840C0
:1031A8007047DA6902F01802102A0AD0DB6903F0C6
:1031B8001803182B03D00548704705487047FFF7D8
:1031C800A1BA0448704700BF000C02440090D00325
:1031D80000093D0040787D0170B5344C06462368EF
:1031E80023F080632360FEF715F9054604E0FEF737
:1031F80011F9401B022857D823681A01F7D4E36A4B
:10320800316823F47C53726823F003030B4343EAC9
:103218000223E362D6E90332013B013A5B0212045E
:1032280002F4FE029BB2B168134372690139013A94
:10323800C1F3080112060B4302F0FE421343E36395
:10324800E36AB26923F00C031343E362E36AF269A9
:1032580023F020031343E362E36A726A134D1343B6
:10326800E362E36A23F01003E362236C326A23F417
:103278007F4323F0F80343EAC2032364E36A43F07D
:103288001003E362236843F080632360FEF7C2F80B
:10329800044604E0FEF7BEF8001B022804D82B6899
:1032A8001B01F7D5002070BD032070BD000C02443F
:1032B80070B5344C0646236823F080532360FEF72C
:1032C800A9F8054604E0FEF7A5F8401B022857D8E0
:1032D80023689A00F7D4236B316823F47C5372680F
:1032E80023F003030B4343EA02232363D6E90332A3
:1032F800013B013A5B02120402F4FE029BB2B16880
:10330800134372690139013AC1F3080112060B43EC
:1033180002F0FE4213436364236BB26923F00C038B
:1033280013432363236BF26923F0200313432363BE
:10333800236B726A134D13432363236B23F010032B
:103348002363A36C326A23F47F4323F0F80343EA30
:10335800C203A364236B43F010032363236843F081
:1033680080532360FEF756F8044604E0FEF752F84F
:10337800001B022804D82B689B00F7D5002070BDDD
:10338800032070BD000C02442DE9F843D0E9003257
:10339800DE01044608D52D48A56DD0F8E81021F0C7
:1033A80040412943C0F8E81013F001061DD0E16D33
:1033B800052900F28B85DFE811F00F004A050600A9
:1033C8000F000F000F0004F13000FFF771FF0646F1
:1033D800D4E900324EB9E16D00261C4DD5F8D8006D
:1033E80020F007000143C5F8D8109D0731D5216E9C
:1033F80028292DD8DFE811F01E052C002C002C0000
:103408002C002C002C002C0042052C002C002C0039
:103418002C002C002C002C004E052C002C002C001D
:103428002C002C002C002C001E052C002C002C003D
:103438002C002C002C002C001E052C002C002C002D
:103448002C002C002C002C001E0500BF000C024490
:103458000126354658071CD5616E802900F0708416
:1034680000F2BE8349B1402940F0C38304F108004B
:10347800FFF7B2FED4E900320546002D40F006847D
:10348800AB4F606ED7F8D81021F4E0710143C7F84C
:10349800D81019071ED5A16EB1F5806F00F05B84B6
:1034A80000F2758351B1B1F5007F40F07A8304F1E1
:1034B8000800FFF791FED4E900320546002D40F0E0
:1034C800E1839B4FA06ED7F8D81021F460610143C7
:1034D800C7F8D810DF061ED5E16EB1F5005F00F021
:1034E8001F8400F2968351B1B1F5805F40F09B8351
:1034F80004F10800FFF770FED4E900320546002DFC
:1035080040F0BC838A4FE06ED7F8D81021F4E04130
:103518000143C7F8D81098061ED5216FB1F5803F32
:1035280000F0628400F2688351B1B1F5004F40F0B9
:103538006D8304F10800FFF74FFED4E90032054619
:10354800002D40F0A1837A4F206FD7F8D81021F4CE
:1035580060310143C7F8D810D9041ED5616FB1F1A5
:10356800007F00F0168400F21F8351B1B1F1807F13
:1035780040F0248304F10800FFF72EFED4E900325E
:103588000546002D40F07C83694F606FD7F8E01046
:1035980021F0E0610143C7F8E0109F040ED5A16F48
:1035A800B1F5803F00F0968340F20B8321F480311F
:1035B800B1F5003F00F008830126354658040ED5C2
:1035C800E16FB1F5802F00F07C8340F2CF8021F4C9
:1035D8008021B1F5002F00F0CC8001263546190472
:1035E8000FD5D4F88010B1F5801F00F0858340F224
:1035F800CD8021F48011B1F5001F00F0CA800126AA
:103608003546DF030BD5D4F88410B1F1807F00F084
:10361800118231F0007100F0148201263546D00481
:103628000BD5D4F88810B1F1806F00F0188231F012
:10363800006100F01B8201263546110509D53C4979
:10364800C86920F40040C861C869D4F8C870384314
:10365800C8619F0320D5D4F88C10B1F5007F00F025
:103668008D8300F2A48051B1B1F5807F40F0A9802C
:1036780004F10800FFF7B0FDD4E900320546002D3B
:1036880040F0F4822A4FD4F88C00D7F8DC1021F4EB
:10369800E0610143C7F8DC10580320D5D4F8901036
:1036A800B1F5005F00F0958300F28E8051B1B1F55D
:1036B800805F40F0938004F10800FFF78DFDD4E9A6
:1036C80000320546002D40F0D582194FD4F89000FD
:1036D800D7F8DC1021F4E0410143C7F8DC10990267
:1036E8000CD5D4F8A010022900F08D8140F2928107
:1036F8000339022940F28E8101263546970507D500
:10370800D4F8A41031F0080000F0BE810126354637
:10371800980100F1C78158010ED5D4F898101029E6
:1037280000F0E2825DD921F0100020285BD001E092
:10373800000C024401263546590209D5D4F89C10DC
:10374800002900F0B582402900F07682012635462E
:103758001F0166D5D4F8AC10042900F2BD83DFE858
:1037680011F04E00610351035300530000297FF408
:1037780034AF002D40F0CA82AD4FE06FD7F8E410A7
:1037880021F440210143C7F8E41028E700297FF419
:1037980036AF002D40F08282A54FD4F88000D7F8CC
:1037A800E41021F440110143C7F8E41029E721F49B
:1037B8008070B0F5806F3FF462AFB1F5407F3FF4A1
:1037C8005EAF0126354667E721F48050B0F5804F9B
:1037D8003FF478AFB1F5405F3FF474AF012635464A
:1037E8007DE70029A6D1002D40F05A82904FD7F8E6
:1037F800E80020F030000143C7F8E8109CE78C4847
:10380800816A41F400318162002D40F01382884FB3
:10381800D4F8AC00D7F8E01021F007010143C7F84D
:10382800E010D80028D5D4F8B010202922D8DFE835
:1038380011F09C012100210021002100210021001C
:103848002100150321002100210021002100210071
:1038580021001D0321002100210021002100210059
:103868002100A101210021002100210021002100C7
:103878002100A1010126354699001ED5D4F8B410BF
:10388800802900F0C78245D8002900F0E981402945
:1038980045D104F10800FFF79FFCD4E90032054642
:1038A800002D40F0C581624FD4F8B400D7F8E0107D
:1038B80021F4E0710143C7F8E0105B001DD5D4F88E
:1038C800B830B3F5806F00F07A822BD843B1B3F5E6
:1038D800007F2FD104F10800FFF77EFC05466268DF
:1038E800002D40F0C5815249D4F8B800D1F8E03035
:1038F80023F460630343C1F8E03097071ED5D4F87A
:10390800A830032B00F2E582DFE813F047004200FD
:103918004F024700C029C3D0B1F5807FC0D001262F
:103928003546CAE723F40071B1F5006FD8D0B3F576
:10393800C06FD5D0012697073546E0D450070CD57F
:10394800D4F89430B3F5807F00F01082B3F5007F8F
:1039580045D0002B49D001263546D10609D5D4F8E3
:10396800C430202B27D0302B2BD0102B00F0D08147
:103978000126130709D52E4AD4F8C010D2F8E8302A
:1039880023F0C0030B43C2F8E8303046BDE8F883A3
:1039980027498B6A43F400338B62002D40F06C8119
:1039A8002349D4F8A800D1F8E43023F003030343F3
:1039B800C1F8E430C2E704F13000FFF779FC0546AE
:1039C8006268002D40F066811949D4F8C400D1F826
:1039D800E43023F030030343C1F8E430C9E704F1CD
:1039E8000800FFF7F9FB05466268002D40F050819A
:1039F8000F49D4F89400D1F8E83023F44073034316
:103A0800C1F8E830A9E704F10800FFF7E5FBD4E9BD
:103A180000320546002D40F03F81054FD4F8A00044
:103A2800D7F8E81021F007010143C7F8E81065E668
:103A3800000C024404F13000FFF73AFCD4E90032EC
:103A48000546002D40F03081BB4FD4F88400D7F8EC
:103A5800E41021F040710143C7F8E410DFE504F1F8
:103A68003000FFF725FCD4E900320546002D40F070
:103A78001981B14FD4F88800D7F8E41021F04061DB
:103A88000143C7F8E410D8E5002D40F0B981AA4FEA
:103A9800D7F8E80020F0080001439801C7F8E810BB
:103AA8007FF539AEA54F7B6A43F001037B62FDF7D2
:103AB800B1FC804606E0FDF7ADFCA0EB080002284B
:103AC80000F2F0817B6AD907F5D5002D40F0EB8133
:103AD800994FD4F8BC30D7F8F02012F4407228D0AF
:103AE8009A4226D0D7F8F010D7F8F02042F4803266
:103AF800C7F8F020D7F8F02022F48032C7F8F02079
:103B080021F44072C7F8F020CA0712D5FDF782FCED
:103B180041F28839804606E0FDF77CFCA0EB0800FE
:103B2800484500F2CE81D7F8F0309B07F4D5D4F899
:103B3800BC3003F44072B2F5407F00F0B8817E4992
:103B4800CA6922F47C52CA617B4AC3F30B03D2F8D8
:103B5800F01021F44071C2F8F010D2F8F0100B43C5
:103B6800C2F8F030D4E90032D5E57348816A41F4EF
:103B780000318162002D59D16F4FD4F8B000D7F8C9
:103B8800E01021F038010143C7F8E01074E621F491
:103B98000070B0F5006F3FF491ACB1F5C06F3FF421
:103BA8008DAC0126354695E421F08070B0F1806F28
:103BB8003FF4E7ACB1F1407F3FF4E3AC0126354672
:103BC800EBE400297FF4F8AC002D6FD15A4FA06FB9
:103BD800D7F8E41021F440310143C7F8E410EDE4CC
:103BE80021F04000B0F5807F3FF447ACC0293FF496
:103BF80044AC012635464CE421F40040B0F5003FC2
:103C08003FF49EACB1F5C03F3FF49AAC012635466F
:103C1800A2E421F48050B0F5804F3FF470ACB1F5C8
:103C2800405F3FF46CAC0126354674E42E4623E62B
:103C38002E4642E62E46F4E504F10800FFF7CCFADA
:103C4800D4E900320546002D39D13B4FD4F89C0009
:103C5800D7F8E41021F040010143C7F8E41077E5F4
:103C68003548816A41F40031816219E62E4613E530
:103C78002E4642E62E4632E52E465FE62E464AE4BA
:103C88002E468AE42E4625E42E4665E42E4600E4B8
:103C98002E4662E62E466CE62E462FE52E46B0E40A
:103CA8002E4649E52E46C8E42E46B8E42E4685E45D
:103CB8002148816A41F400318162002DC5D02E4629
:103CC80046E504F13000FFF7F3FAD4E9003205467F
:103CD800E5B951E504F13000FFF7EAFAD4E900321A
:103CE8000546002DE2D171E7134FB86A40F4003061
:103CF800B862002DD4D179E504F13000FFF7D8FA85
:103D0800D4E900320546002DC8D145E52E4666E4C3
:103D180009498B6A43F400338B62002DBAD153E60C
:103D280004F13000FFF7C4FAD4E900320546002D4B
:103D3800A4D1FFF7E7BB00BF000C0244000802440F
:103D480004F13000FFF7B4FAD4E900320546002D3B
:103D58009CD1FFF795BB04F13000FFF7A9FAD4E92D
:103D680000320546002D8DD1FFF7ABBB5C498B6A4D
:103D780043F400338B62002D8AD139E604F1300018
:103D8800FFF796FAD4E900320546002D7FF46EAFAE
:103D980078E404F13000FFF78BFAD4E900320546E5
:103DA800002D7FF46DAFFFF7EFBB04F10800FFF7BC
:103DB80013FA05466268002D7FF45EAFF0E504F162
:103DC8003000FFF775FA05466268002D7FF450AFA2
:103DD80089E504F13000FFF76BFAD4E900320546B3
:103DE800002D7FF447AF70E404F13000FFF760FA6C
:103DF800D4E900320546002D7FF446AFFFF7A3BB98
:103E08002E4685E404F13000FFF752FAD4E9003277
:103E18000546F9E404F13000FFF74AFAD4E9003224
:103E280005463DE504F10800FFF7D6F9D4E900326C
:103E38000546E9E4354655BB294F206ED7F8D8101A
:103E480021F038010143C7F8D810FFF703BB04F18C
:103E58000800FFF7C1F90646FFF7BABA04F10800EF
:103E6800FFF7BAF9D4E90032054683E604F13000D9
:103E7800FFF71EFAD4E9003205467BE604F1080094
:103E8800FFF7AAF9D4E900320546002DD4D02E4612
:103E9800FFF7E0BA04F13000FFF70AFAD4E900327C
:103EA8000546C8E70325D4E900322E4633E40C481A
:103EB8000C4AC16902EA131221F47C510A43C26117
:103EC80042E60326D4E90032354624E40126FFF70A
:103ED8008CBA0126354631E501263546A1E400BFF6
:103EE800000C0244CFFFFF00002800F0A88038B57E
:103EF80090F83D30044603F0FF02002B00F09A8052
:103F080002222368584984F83D208B421A6848D019
:103F180001F180518B4244D0B3F1804F78D0B3F196
:103F2800A04F75D051498B4272D001F180518B421C
:103F38006ED04F498B426BD001F180518B4267D0D4
:103F48004C498B427DD001F180518B4200F0878033
:103F580049498B4275D001F180518B4271D0474954
:103F68008B4259D044498B4273D001F180518B4226
:103F78006FD043498B424FD001F180518B424BD0D7
:103F880040498B4265D001F180518B4261D0A569CF
:103F9800E068616822F080022A431A60D862996258
:103FA80012E0A06822F070022169024322F44072F4
:103FB8000A43A16922F080020A431A60E268DA62C1
:103FC80062689A6262691A6301225A611A69D207A1
:103FD80003D51A6922F001021A61012384F84830D6
:103FE80084F83E3084F83F3084F8403084F841301B
:103FF80084F8423084F8433084F8443084F84530FB
:1040080084F8463084F8473084F83D30002038BDC5
:10401800A16822F070020A43206922F44072A16963
:10402800024322F08002E0680A4361681A60D8629D
:104038009962C9E780F83C20FDF73CF860E7012069
:104048007047A16822F070020A430A498B4289D15D
:10405800E2E7206922F44072A1690243AAE7A16855
:1040680022F070020A437AE7002C01400004004065
:1040780000080040000C004000340140000C0050D3
:10408800001800400040014090F83D30012B4BD112
:104098000222036880F83D20DA68244942F00102D0
:1040A8008B42DA6032D0224A93422FD0B3F1804F4C
:1040B8002CD0B3F1A04F29D01E4A934226D002F14A
:1040C8008052934222D01C4A93421FD002F1805260
:1040D80093421BD0194A934218D002F1805293425E
:1040E80014D0174A934211D002F1805293420DD056
:1040F800144A93420AD002F18052934206D0124ADF
:10410800934203D002F18052934207D199680F4A33
:104118000A40062A06D0B2F5803F03D01A6842F05A
:1041280001021A600020704701207047002C0140EE
:10413800002C01500004004000080040000C004022
:104148000034014000180040004001400700010011
:10415800704700BF704700BF704700BF704700BF7F
:10416800704700BFF8B503680546DE681C69A107FB
:1041780001D5B2076ED4600701D5710757D422075D
:1041880001D5330740D4E10601D5F20628D4E30768
:1041980001D5F7077CD414F4025F04F4807769D062
:1041A80030067DD4620602D5730600F18B80A7061F
:1041B80002D5B00600F18E80E10202D5F20200F1CC
:1041C8009180A30202D5B70200F19480600202D563
:1041D800710200F19780220201D533024FD4F8BD55
:1041E8006FF0100108222B68284619612A77DB69CD
:1041F80013F4407F40F09780FFF7ACFF2846FFF7A5
:10420800ADFF00232B77C2E76FF0080104222B686B
:10421800284619612A77DB699F0740F08180FFF7FC
:1042280099FF2846FFF79AFF00232B77ABE76FF03B
:10423800040102222B68284619612A779B6913F426
:10424800407F6AD1FFF786FF2846FFF787FF0023E4
:104258002B7794E76FF002021A61012202779B69BB
:104268009F0757D1FFF776FF2846FFF777FF002310
:104278002B7780E7002F95D031061BD492E76FF497
:1042880000022B6828461A61BDE8F84000F0D8B84B
:104298006FF001022B6828461A61FFF759FF7AE789
:1042A8006FF402522B6828461A6100F0BFF8002FFD
:1042B8003FF478AF6FF480722B6828461A6100F0DB
:1042C800B7F86FE76FF040022B6828461A61FFF7CE
:1042D80047FF6CE76FF020022B6828461A6100F050
:1042E800A3F869E76FF480122B6828461A6100F07A
:1042F800A1F866E76FF400122B6828461A6100F0EF
:104308009BF863E76FF480022B6828461A6100F077
:1043180095F860E7FFF720FFA9E7FFF71DFF96E78D
:10432800FFF71AFF80E7FFF717FF6AE790F83C30BE
:10433800012B69D0022330B40268344D80F83D3037
:10434800AA42844653680C68906847D005F18055A6
:10435800AA424ED02E4DAA4240D005F18055AA421D
:104368003CD023F0007323F070032343B2F1804F55
:10437800536025D0B2F1A04F22D0264B9A421FD0CD
:1043880003F180539A421BD0234B9A4218D003F171
:1043980080539A4214D0214B9A4211D003F1805392
:1043A8009A420DD01E4B9A420AD003F180539A428A
:1043B80006D01C4B9A4203D003F180539A4204D191
:1043C8008B6820F0800018439060002301228CF84D
:1043D8003C308CF83D20184630BC70474D6823F4BB
:1043E80070032B4323F0007323F0700323435360BF
:1043F800E6E74D6823F470032B4323F0007323F0A2
:1044080070031C435460DBE702207047002C014016
:10441800003401400004004000080040000C004047
:104428000018004000400140704700BF704700BFBF
:10443800704700BF704700BF704700BF704700BF9C
:10444800704700BF84B00DF1040C8CE80E0068B111
:1044580003460021026C04B022F000420264026CA0
:1044680042F001020264084659647047012004B012
:10447800704700BF034600224BF680715A6410460D
:10448800196470470246136C002023F43F4323F05D
:1044980080031364704700BF29B9036C23F00043FD
:1044A800036400207047012905D1036C43F00043E1
:1044B8000364002070470120704700BF84B00DF1ED
:1044C800040C8CE80E000346012200211A641A6CC1
:1044D800084622F001021A641A6C04B022F0004265
:1044E8001A645964704700BFF0B50D7803462AB2C4
:1044F800B54C50F8220091F803C00440BCF1030FFA
:1045080000F24F81DFE80CF0686B4D0244F4C064A0
:1045180048F2800E44EA0E0443F8224053F8224041
:10452800AA482040284340EA0E0043F82200087BAE
:10453800002860D10020B1F806E0D4004E784FEA98
:104548009E0E04F180444FEA8E0E04F5B234002E1C
:1045580000F0E0802168090C09042160216841EA23
:104568000E01216053F822104F0609D553F8224056
:104578009649214041F4004141F0C00143F822101E
:1045880053F822409249BCF1010F01EA04012BD0F3
:1045980081F0200141F4004141F0800143F82210EC
:1045A800F0BD48F28006344343F8224053F8220015
:1045B800864F38402843304343F82200087B0028C0
:1045C800B8D053F82200384040F4014040F0800051
:1045D80043F82200002019E044F4007498E744F4FA
:1045E800806495E781F4005141F4004141F0800175
:1045F80043F82210F0BD002053F82250754C2C408F
:1046080044F4004444F0800443F82240D40004F108
:10461800804404F5B23425686F4EB1F808E035409F
:10462800256025684FEA9E0E45EA8E052560656877
:10463800B1F80AE03540656065684FEA9E0E45EAC4
:104648008E056560497871BB53F822104E0409D570
:1046580053F822405D49214041F4404141F0800136
:1046680043F8221053F822104D0609D553F822407A
:104678005649214041F4004141F0C00143F822105D
:1046880048F2800553F822405449214081F44051B2
:10469800294343F8221053F822104D4C0C402C4368
:1046A80043F82240F0BD53F822104C0409D553F8C2
:1046B80022404649214041F4404141F0800143F8FD
:1046C800221053F82210490609D553F822403F49D1
:1046D800214041F4004141F0C00143F8221053F851
:1046E80022403B49BCF1010F01EA040118BF81F0E7
:1046F800200141F4004141F0800143F8221053F8B1
:1047080022403649214041F4004141F0800143F8FC
:104718002210F0BD0E696168090C090461606168C6
:1047280041EA0E016160616821F07C4161603EB33D
:104738003E2E2AD877086168F60748BF013741EA54
:104748008761616053F822104F0409D553F822405D
:104758001E49214041F4404141F0800143F82210B4
:1047680053F822401D492140002D7FF43BAF81F4CE
:10477800405141F4004141F0800143F82210F0BD5E
:10478800616841F000416160DCE77709F106616822
:1047980008BF07F1FF3741EA876141F000416160D6
:1047A800D0E748F28006344343F8224053F82240C9
:1047B800064820402843304343F82200087B08B9C4
:1047C8000120B8E6012017E78F89FF078F8FFF07C1
:1047D800BF8FFF078F8EFF070000FFFF8FBFFF0708
:1047E80010B40C7B4A780B78A4B9002A71D050F821
:1047F8002320540600F1948050F823104E4A5DF8A7
:10480800044B0A4042F4004242F0800240F8232060
:10481800002070476ABB50F82320520409D550F88D
:104828002310464A0A4042F4404242F0800240F8CF
:10483800232050F82320540609D550F823103F4A66
:104848000A4042F4004242F0C00240F8232050F8E7
:1048580023103A4A48F280040A4042F4004242F0E7
:10486800C00240F8232050F8232035491140324A2D
:1048780022E050F82320510409D550F823102F4A7C
:104888000A4042F4404242F0800240F8232050F8A7
:104898002320520639D448F2800450F82310274ABE
:1048A8000A4042F4404242F0800240F8232050F887
:1048B800232021491140224A214340F8231050F86F
:1048C80023100A40224340F823205DF8044B0020BF
:1048D800704750F82320510409D550F82310174A7F
:1048E8000A4042F4404242F0800240F8232050F847
:1048F8002310134A5DF8044B0A4042F4004242F088
:10490800800240F823200020704750F823100B4AFB
:104918000A4042F4004242F0C00240F82320BAE7BD
:1049280050F82310054A0A4042F4004242F0C002FF
:1049380040F8232060E700BFBF8FFF078F8FFF0776
:104948008FBFFF072DE9F04F4B780A7B012B85B00D
:104958005DD0002A32D0CA78022A00F0A981012A43
:1049680040F0B7808A690C69A24294BF0025151BE4
:104978008D6188BF2246002B37D10B78DB0003F10D
:10498800804303F5B2331C6824F07C441C60002A81
:1049980000F020823E2A00F2F5825408D5071A68F2
:1049A80048BF013442EA84621A605A6822F07C42A5
:1049B8005A605A6842EA84625A6016E08C690B6948
:1049C8009C4284BFE21A1C460B788A61DB0003F123
:1049D800804303F5B2335A6822F07C425A60002CB7
:1049E8006BD15A6842F000425A600A7812B250F805
:1049F8002210AC4B0B4083F4405343F4004343F084
:104A0800800340F82230002005B0BDE8F08FD1F8CF
:104A180010C08B694C69634528BF6346002A00F0C3
:104A280003810F78CE78FA0002F18042022E0D6AD7
:104A380002F5B23251D0ED1A0D6250F827509EB2ED
:104A480003366D064FEA03474FEA960603F0030361
:104A580040F177815568B1F80AE0ADB25560556804
:104A68000EF1804E3D430EF5B23E55607546002B63
:104A780040F09C81002E00F0068135462246AEEBC0
:104A8800040C1768013D42F80C7002F10402F8D1D9
:104A9800002B00F0F8800EEB860504EB8604012B52
:104AA800227808D0022B667818BFA37842EA06223B
:104AB80018BF42EA03422A60E5E03E2C00F2358145
:104AC80065085A68E40748BF013542EA85625A60BA
:104AD8008BE7012005B0BDE8F08F0E89AC4506F1E3
:104AE800804650F827C006F5B23680F0FB816E4D3F
:104AF800B1F80A800CEA050545F4014545F0800542
:104B080040F827500D6A08F18048A5EB030CC1F85E
:104B180020C050F827E09DB20335AD081F041EF0F1
:104B2800400B019508F5B2383D46029703F003099A
:104B380000F059815768BFB2576057682F435760D4
:104B4800019DB9F1000F40F03F82AB464DB3DE4600
:104B5800A446019DA8EB040ADCF80070BEF1010E22
:104B68004CF80A700CF1040CF6D10195B9F1000F5C
:104B780015D008EB8B0804EB8B0BB9F1010F9BF8F0
:104B880000700AD09BF801C0B9F1020F47EA0C2760
:104B98001CBF9BF802C047EA0C47C8F80070D1F860
:104BA80020C00F691C4467454C61C0F00A821FFA97
:104BB8008CF50335AB08019300234FEA0C450295A9
:104BC8000CF003090B621368029D9BB21360136813
:104BD8002B431360019BB9F1000F00F0FF81013BEB
:104BE800019312D0019D23462A46A6EB040C1F68A8
:104BF800013A43F80C7003F10403F8D1B9F1000F3E
:104C080041D006EB850604EB8504B9F1010F237842
:104C180008D06278B9F1020F43EA022302D0A278E1
:104C280043EA024333602EE0B1F806E01FFA83FC42
:104C38000EF1804E0CF1030C0EF5B23E13F0030892
:104C480075464FEA9C0C40F09880BCF1000F0DD0DF
:104C580065462246AEEB04071668013DD65102F1BF
:104C68000402F9D1B8F1000F40F09B800A78D20015
:104C780002F1804202F5B2321468A4B214601468DA
:104C880044EA034313600A78084B50F822100B409B
:104C980083F0300343F4004343F0800340F82230AC
:104CA800B1E600BF8FBFFF078F8FFF07BF8FFF07DA
:104CB800FBB90B780C69DB0003F1804303F5B233D1
:104CC8001A6822F07C421A60002C76D03E2C00F242
:104CD80043811A686508E70748BF013542EA8562DB
:104CE8001A605A6822F07C425A605A6842EA856221
:104CF8005A60CB690A78002B3FF478AE44F240033F
:104D080014B250F8245005EA0306AB4302D0002E33
:104D18007FF46CAE50F82420B44B134043F40043A6
:104D280043F0C00340F824305FE66509E2065A689C
:104D380008BF05F1FF3542EA856242F000425A6039
:104D480053E61568B1F808E0ADB2156015680EF1C4
:104D5800804E3D430EF5B23E1560754653BB002E9E
:104D680091D035462246AEEB040C1768013D42F857
:104D78000C7002F10402F8D18AE6BCF1010C7FF450
:104D880067AFB8F1010F227809D06678B8F1020F41
:104D980018BFA47842EA062218BF42EA04422A60F1
:104DA80064E70EEB8C0504EB8C04EAE7013E7FF424
:104DB80064AE74E6013ED4D171E61A6842F000424E
:104DC8001A605A6822F07C425A605A6842F00042DF
:104DD8005A608EE71A6842F000421A605A6822F058
:104DE8007C425A60FDE51768BFB2176017682F4309
:104DF8001760019DB9F1000F40F0DD80AA466DB340
:104E0800CDF80CB0D44627469B46019DA6EB040E70
:104E18003B68BCF1010C47F80E3007F10407F7D1E5
:104E28005B460195DDF80CB0B9F1000F14D006EB24
:104E38008A0604EB8A0AB9F1010F9AF800700AD0C1
:104E48009AF801C0B9F1020F47EA0C271CBF9AF87B
:104E580002C047EA0C473760D1F820C00E691C44ED
:104E680066454C61C0F0A4801FFA8CF50335AB0889
:104E780001934FEA0C4302930CF003095368C1F8FD
:104E880020B09BB253605368029D2B435360019B33
:104E9800B9F1000F00F0A680013B019312D0019DEB
:104EA80023462A46A8EB04071E68013ADE5103F19F
:104EB8000403F9D1B9F1000F3FF4E5AE08EB85081A
:104EC80004EB8504B9F1010F237808D06278B9F1B1
:104ED800020F43EA02231CBFA27843EA0243C8F840
:104EE8000030D0E6424B0CEA030343F4004343F09E
:104EF800800340F8273013681FFA85FC9BB21360C3
:104F080013680CF1030C43EA054315F0030513601D
:104F18004FEA9C0C5ED1BCF1000F3FF4B4AE624680
:104F28002346A6EB040E1F68013A43F80E7003F1FE
:104F38000403F8D1002D3FF4A6AE06EB8C0604EB73
:104F48008C04012D23783FF46DAE6278022D43EA7C
:104F580002237FF464AE65E61A686509E60608BFB1
:104F680005F1FF3542EA856242F000421A605A684C
:104F780022F07C425A605A6842EA856242F0004256
:104F88005A60B6E65409D2061A6808BF04F1FF341D
:104F980042EA846242F000421A605A6822F07C4277
:104FA8005A605A6842EA846242F000425A601CE53C
:104FB800ACEB030B62E7B5F1010A7FF421AFA2461F
:104FC80039E7ACEB0303FDE5B5F1010B7FF4BFADA9
:104FD800A346D2E5BCF1010CA1D1B2E7002B7FF4C6
:104FE80001AE50E6002B7FF45AAF4CE68F8FFF07D7
:104FF8008F8EFF074B780A7850F822105BB10C4B64
:105008000B4083F0100343F4004343F0800340F85F
:10501800223000207047074B0B4083F4805343F441
:10502800004343F0800340F822300020704700BF5F
:10503800BF8FFF078FBFFF070B7BA3BB4B780A7897
:105048000BB350F8223010B45C0609D550F8224052
:105058001B4B234043F4004343F0C00340F8223085
:10506800CB78012B0BD050F82210164B0B4083F055
:10507800200343F4004343F0800340F8223000202B
:105088005DF8044B704750F822305B040DD450F89B
:1050980022100D4B0B4083F4405343F4004343F07C
:1050A800800340F822300020704750F82210044B4B
:1050B8000B4043F4404343F0800340F82230E6E7D6
:1050C8008F8FFF07BF8FFF078FBFFF0709B98023A7
:1050D800C3640020704700BF03469A6D002042F465
:1050E80000429A65704700BF03469A6D002022F47B
:1050F80000429A65704700BF406C704730B502F1B6
:105108008044DD1C13F0030204F5B2344FEA950520
:105118001FD1EDB10846AC46A4EB010E0368BCF103
:10512800010C40F80E3000F10400F7D182B104EB15
:10513800850001EB8501012A0B7808D0022A4C78FA
:1051480018BF8A7843EA042318BF43EA024303607E
:1051580030BD013D2046DDD1EDE700BF70B502F15D
:105168008046DD1C13F003044FEA950506F5B236B8
:1051780023D10DB3B446AE468A1A0CEB0200DCF814
:10518800003000F14040A0F5B230BEF1010E0360DE
:105198000CF1040CF1D17CB106EB850601EB85011D
:1051A8003368012C0B7007D0022C4FEA132218BF6A
:1051B8001B0C4A7018BF8B7070BD013DDAD1EFE748
:1051C80008B500221749184800F0D8FA70B91749ED
:1051D800154800F0E7FA88B91549134800F028FA8D
:1051E800A0B9114800F0FAFAB8B908BDFBF764FE97
:1051F8000E490D4800F0D6FA0028EDD0FBF75CFE0A
:105208000B49094800F014FA0028EAD0FBF754FECD
:10521800054800F0E3FA0028E7D0BDE80840FBF7AE
:105228004BBE00BFDC0000207C0A0020500000209C
:1052380094000020D0F8D43210B500EB8300D0F8E9
:10524800C04284B1D0F8C4325BB194F80002FF28A0
:1052580007D09B68214694F801229847FF2384F8D9
:105268000032002010BD032010BD00BF03460A22F3
:1052780001481A80704700BF8800002070B582215D
:1052880006460F4800F0F0FB012105460C4800F0E7
:10529800EBFB812104460A4800F0E6FB0DB1102221
:1052A800AA711CB1002140226171227118B100213C
:1052B80040224171027143230148338070BD00BF11
:1052C8000C00002070B5822106460F4800F0CCFB88
:1052D800012105460C4800F0C7FB812104460A4815
:1052E80000F0C2FB0DB11022AA711CB100210222EC
:1052F8002171627118B100210222017142714323A8
:105308000148338070BD00BF0C00002038B5D0F8CC
:10531800D432B03350F823509DB1044601F022F93D
:105328000246D4F8D432D5F8040204EB8304D4F846
:10533800C43205F50371DB68C5F80C2298470020D4
:1053480038BD032038BD00BF70B5D0F8D442D0F8BE
:10535800C86200EB8404D4F8C05235B301F00F0CD6
:105368000CEB8C0E00EB8E0CDCF814300A466BB993
:105378000021D4F8C4321B69C5F8141223B1D5F83A
:10538800080205F504719847002070BD06EBCE06AB
:10539800766AB3FBF6FE06FB1E33002BE8D11A46ED
:1053A800CCF8143001F0C6F8EEE7032070BD00BF5A
:1053B800002370B582B08DF80530ADF80630D0F80E
:1053C800D43200EB8303D3F8C06266B191F800C011
:1053D80004461CF060020D461ED0202A06D029463D
:1053E800204600F0F9FD032002B070BDCA8891F88C
:1053F80001E07AB31CF0800F4CD0D3F8C4323146A8
:1054080070469B689847EA883146072A28BF0722D2
:10541800204600F00BFF22E04B780B2BDFD801A2CF
:1054280052F823F07554000867540008E753000841
:10543800E7530008E7530008E7530008E75300085C
:10544800E7530008E7530008E753000889540008A9
:105458006B540008D3F8C43270469B689847002004
:10546800C2E790F89C32032BF9D0B8E790F89C3249
:10547800032BB4D102220DF1060100F0D7FEEEE7AE
:1054880090F89C32032BAAD101220DF1050100F0FE
:10549800CDFEE4E7402A28BF4022314686F800E2E4
:1054A80086F8012200F0DCFED9E700BF38B50446D3
:1054B8000025812100F0FAFF0121204684F83750A9
:1054C80000F0F4FF8221204684F8775100F0EEFFC7
:1054D800D4F8D43284F84B50656404EB8303D3F8D2
:1054E800C0228AB1D3F8C4325B689847D4F8D43262
:1054F800B03354F8230001F03DF8D4F8D432B03377
:1055080044F82350C4F8BC52002038BDF8B504460E
:105518004FF4077001F02AF8054600285DD04FF4D3
:105528000772002102F093F8D4F8D432B03344F86B
:105538002350237CC4F8BC52C3B3402302228121E8
:10554800204600F0A5FF012140230222204684F8CE
:10555800371000F09DFF4FF0100C012700260322A2
:1055680008238221C4F844C0204684F8777100F0EB
:105578008FFFD4F8D43284F84B7004EB8303D3F84C
:10558800C432C5F804621B689847D5F80422C5F8E8
:105598001462C5F818622AB3237CC3B94FF40073A8
:1055A8003946204600F0D2FF0020F8BD4FF40073C2
:1055B80002228121204600F06BFF01214FF4007385
:1055C8000222204684F8371000F062FFC3E7402328
:1055D8003946204600F0BAFFE6E7D4F8D432B033B3
:1055E80044F823000220F8BD70B5822106460F4812
:1055F80000F03AFA012105460C4800F035FA8121FD
:1056080004460A4800F030FA0DB11022AA711CB104
:10561800002140226171227118B10021402241719C
:10562800027143230148338070BD00BF0C00002085
:10563800034639B1D0F8D422002003EB8203C3F823
:10564800C412704703207047D0F8D432B03350F8F2
:1056580023302BB10020C3F80812C3F8102270477A
:1056680003207047D0F8D432B03350F823301BB140
:105678000020C3F80412704703207047D0F8D432D2
:1056880070B5B03350F823508DB1D5F814420CB131
:10569800012070BD0126D5F81032D5F80822C5F8CA
:1056A80014628121836200F045FF204670BD03200B
:1056B80070BD00BFD0F8D422B03250F822208AB191
:1056C80008B5037CD2F804222BB14023012100F055
:1056D8003DFF002008BD4FF40073012100F036FFA4
:1056E800002008BD03207047002070470020704745
:1056F8000020704770B50C46094E0146094D3046EA
:10570800FFF7B0FF3046FFF7D5FF21682846FBF7C3
:10571800DBFD00212846226801F099FF002070BDBA
:105728007C0A00205815002010B5064C002220469F
:105738000549FFF789FF20460449FFF793FF00203A
:1057480010BD00BF7C0A0020580D0020581500200D
:1057580010B5094CD4F8BC32D3F814320BB101207F
:1057680010BD0A4601462046FFF76EFF2046BDE8F9
:105778001040FFF783BF00BF7C0A002078B10023E8
:10578800C0F8B832C0F8C432C0F8D03209B1C0F895
:10579800B4120123027080F89C3200F02DBE032061
:1057A800704700BF002310B582B0ADF8063089B14C
:1057B800CB6A0446C0F8B81223B10DF10600984729
:1057C800C4F8D0020020D4F8D8320133C4F8D83253
:1057D80002B010BD032002B010BD00BF00F04CBEE7
:1057E800D0F8B8320BB11B6818471846704700BF8D
:1057F80008B5D0F8B8325B689847002818BF03206E
:1058080008BD00BF38B5044600F2AA25284600F0B6
:10581800D7FB0122B4F8B03294F8AA12C4F898322F
:1058280001F01F039342C4F8942209D0022B13D02D
:1058380063B12046BDE8384001F0800100F042BE67
:1058480029462046BDE8384000F0D2BA294620460D
:10585800BDE8384000F024B929462046BDE8384064
:1058680000F002BB10B5044629B9D0F89422032AE7
:1058780010D0002010BD90F89C32032BF9D1D0F83D
:10588800B8329B69002BF4D0BDE810400022C0F864
:10589800D42218470B46B0F86021D0F8581191422D
:1058A80008D890F89C22032A12D0204600F0F2FC77
:1058B800002010BD8B1AD0F864119A421144C0F828
:1058C800583138BF1A46C0F8641100F0D9FCD0E747
:1058D800D0F8B8221269002AE7D0C0F8D43290472D
:1058E800E3E700BF70B5044659B9D0F89432022BEB
:1058F80016D094F8A03213B1002384F8A032002007
:1059080070BD90F89C32032BF9D1D0F8B8325B699E
:10591800002BF4D0BDE870400022C0F8D42218470C
:105928008269038C0D469A4210D81DD094F89C3297
:10593800032B2CD08021204600F0C4FD204600F027
:10594800B5FC94F8A032002BD9D0D5E7416AD21A19
:1059580019448261416200F079FC2B462A462946A7
:10596800204600F0F3FDC4E743699A42DED8D0F838
:1059780098229342DAD20A4600F068FC2B462A465F
:1059880029462046C4F8985200F0E0FDB1E7D4F863
:10599800B832DB68002BCDD000222046C4F8D422D0
:1059A8009847C7E700210122F8B5D0F8B83280F847
:1059B8009C2204464160C0F89412C0F8A41280F8F2
:1059C800A0121BB15B680BB19847B8B900274023F8
:1059D80000221D4601261146204600F059FD2B469F
:1059E80000228021204684F86361A4F8605100F009
:1059F8004FFD84F8236038462584F8BD0327E6E781
:105A0800034600201974704790F89C220346042A24
:105A180004D090F89C22D2B280F89D220422002063
:105A280083F89C22704700BF90F89C32042B04D165
:105A380090F89D32DBB280F89C320020704700BF9E
:105A480090F89C22032A01D00020704708B5D0F8AE
:105A5800B83213B1DB6903B19847002008BD00BF15
:105A6800002070470020704700B50278B0F802E0C7
:105A7800964511D9134602E09E450DD90278104487
:105A880090F801C01344BCF1050F9BB2F4D18278A1
:105A98008A42F1D15DF804FB00205DF804FB00BFE9
:105AA80070B50B780D4603F06003202B044682B0D6
:105AB8000ED0402B0CD0BBB18021204600F002FD57
:105AC8000021204600F0FEFC0025284602B070BDEB
:105AD80029462046D4F8D432AE3354F823309B6894
:105AE80002B0BDE8704018474B78092BE4D801A2F2
:105AF80052F823F05D5B0008855B0008C15A000876
:105B0800A35B0008C15A0008BB5B0008FB5B0008E8
:105B1800C15A0008315C0008255B00088978B34D3C
:105B28000129297000F2488190F89C32022BDEB2DC
:105B380000F02F81032E00F00C81802100F0C2FCC0
:105B48000021204600F0BEFC20462978FFF750FED1
:105B58000325BAE790F89C32013B022BACD8CA88DF
:105B6800022AA9D1D0F8A4320146002B0CBF012388
:105B7800032341F80C3F00F059FBA5E790F89C324D
:105B8800013B022B98D84B88012B9DD1002320463E
:105B9800C4F8A43200F07EFB96E74B88012BF6D0C0
:105BA800022B89D18B881B0A80F8A03200F072FB87
:105BB8008AE78B88002B7FF47FAFCB88002B7FF49C
:105BC8007BAF4D887F2D3FF677AF90F89C32032B43
:105BD8003FF472AFE9B280F89E1200F09FFC2046B5
:105BE80000F058FB002D00F0FD80022384F89C3261
:105BF8006AE700216A88ADF80610130A013B062BF4
:105C08003FF65AAF01A151F823F000BFC55C000868
:105C1800AB5C0008D55C0008C15A0008C15A0008EE
:105C2800955C0008595C0008CA88012A7FF444AFD3
:105C380090F89C120229CBB200F28480002B3FF42A
:105C48003BAF0146002341F8083F00F0EFFA3BE77D
:105C5800037C002B7FF430AFD0F8B8320DF106008A
:105C68001B6B984707234370EB88002B66D0BDF861
:105C78000620002A3FF420AF9A4228BF1A46014660
:105C88002046ADF8062000F0D1FA1DE7037C002B72
:105C98007FF412AFD0F8B8320DF106005B6B98476D
:105CA800E2E7027CD0F8B832002A40F08D809B6A87
:105CB8000DF10600984702234370D5E7D0F8B432B7
:105CC8000DF106011B68007C9847CDE7D2B2052A82
:105CD8003FF6F2AEDFE802F026201A140E03D0F8E1
:105CE800B4329B69002B3FF4E7AE207C0DF106012E
:105CF8009847B9E7D0F8B4325B69002BF5D1DBE6F9
:105D0800D0F8B4321B69002BEFD1D5E6D0F8B43205
:105D1800DB68002BE9D1CFE6D0F8B4329B68002BC2
:105D2800E3D1C9E6D0F8B4325B68002BDDD1C3E615
:105D38000223416080F89C32FFF75AFD204600F0AC
:105D4800A9FAC1E6032B7FF4B7AE011D00F06EFA85
:105D5800BAE60029ECD041680129EFD0C9B2FFF7B3
:105D680047FD297820466160FFF73AFD054600287F
:105D7800E4D08021204600F0A5FB0021204600F059
:105D8800A1FB20462179FFF733FD022384F89C32DA
:105D98009BE60029D2D001214160FFF721FD05468D
:105DA800C8B18021204600F08DFB0021204600F07C
:105DB80089FB84F89C6288E6802100F083FB00213F
:105DC800204600F07FFBC3E6DB6A0DF1060098472A
:105DD8000223437048E7204600F05CFA032384F866
:105DE8009C3271E6012384F89C326DE6581D002030
:105DF80038B50B780D465A0604460CD503F06002F8
:105E0800402A08D0802100F05DFB0021204600F0E8
:105E180059FB002038BD94F89C32013B022B02D874
:105E28002979012908D98021204600F04BFB00215F
:105E3800204600F047FBECE72046FFF711FE88B943
:105E4800D4F8B8329B686BB1C4F8D402294620460E
:105E58009847EA88002ADDD10028DBD1204600F0E7
:105E680019FAD6E7032038BD70B50C4623788A881E
:105E780003F06003202B054682B0D1B21ED0402B20
:105E88001CD06BB38021284600F01CFB002128465B
:105E980000F018FB002002B070BD90F89C32022B75
:105EA800DAB25ED0032AEDD16388002BF2D14E0618
:105EB8007DD12846019100F0EDF901992846FFF7B8
:105EC800D1FD0028E6D1D5F8B832C5F8D4029B68D0
:105ED800002BDFD02146284602B0BDE870401847A5
:105EE8006678012ED9D0032E2AD0002ECAD190F878
:105EF8009C32022BD8B23DD00328C3D101F00F0346
:105F080003EB8303120605EB830343D493F8633151
:105F1800002BB7D0142401F07F0304FB035404F5CD
:105F2800AA742BB1284600F0E5FA002818BF01260C
:105F380021460222284601F80E6F00F077F9A9E7FA
:105F480090F89C32022BDAB20BD0032A9AD16388DC
:105F58001BB94A0601D0E38873B3284600F09AF9C2
:105F680098E74B068ED000F0ADFA8021284600F065
:105F7800A9FA8FE7480685D1002311064CBF05F121
:105F8800140105F5AA710222284601F80E3F00F017
:105F98004DF97FE793F82330002B3FF473AF01F0FE
:105FA8007F035C1C04EB840405EB8404B9E70191CE
:105FB80000F094FA01997CE700F084FACDE700BF7D
:105FC8000B7803704B7843704B8843808B888380B1
:105FD800CB88C380704700BF10B50446802100F00D
:105FE80071FA2046BDE81040002100F06BBA00BFEE
:105FF80048B370B5037805460E46144623B30130FE
:10600800FAF746F9431CDBB20133642B4FEA43022B
:1060180015D9C823194603222180337072702C7851
:1060280064B12846022300215A1CD2B2F454B15458
:1060380010F8014F0233DBB2002CF5D170BD91B2DC
:1060480002F0FE03E7E7704702231946E3E700BFC3
:10605800122301480B807047C80000200423014820
:106068000B807047C400002010B5044C0A46044851
:106078002146FFF7BDFF204610BD00BF5C1D002074
:1060880030AE000810B5044C0A4604482146FFF714
:10609800AFFF204610BD00BF5C1D002044AE0008C5
:1060A80010B5044C0A4604482146FFF7A1FF2046D4
:1060B80010BD00BF5C1D00205CAE000810B5044C8C
:1060C8000A4604482146FFF793FF204610BD00BF4B
:1060D8005C1D002068AE00084FF01A0C514AD2F837
:1060E8000038D2F80808A1F800C01B1801D14E48A2
:1060F8007047D2F80418180F4B4AB3F1204F2CBF41
:1061080037303030C3F3036C00B590706046BCF193
:10611800090F8CBF37303030C3F3035C1071604611
:10612800BCF1090F8CBF37303030C3F3034C90718A
:106138006046BCF1090F8CBF37303030C3F3033CE5
:1061480010726046BCF1090F8CBF37303030C3F392
:10615800032C907260464FF0000EBCF1090F8CBF03
:1061680037303030C3F3031C1073604682F803E005
:106178004FF0000EBCF1090F8CBF373030309073F0
:1061880003F00F00034609284FF000004FF0000C01
:1061980082F805E04FF0000E94BF303337331374A4
:1061A800B1F1204F4FEA11732CBF3733303350749D
:1061B800C1F303609374034682F807E082F80FC0C6
:1061C8004FF0000E4FF0000C09288CBF37333033E6
:1061D800C1F303501375034682F809E082F813C02F
:1061E8004FF0000E4FF0000C09288CBF37333033C6
:1061F800C1F3034093750346002182F80BE082F84F
:1062080015C04FF0000E4FF0000C092894BF303332
:10621800373382F80DE082F817C0137651760248BA
:106228005DF804FB00F0FF08A800002010B5134635
:106238008E46022400217246C0E90533C0F8944214
:10624800C0F824E000F076F9002010BD8C4608B5AF
:1062580000211346624600F06DF9002008BD00BF1A
:1062680010B513468E46032400217246C0E9553303
:10627800C0F89442C0F864E100F068F9002010BD4D
:106288008C4608B500211346624600F05FF90020ED
:1062980008BD00BF002310B504241A461946C0F8EB
:1062A800944200F047F9002010BD00BF002310B54C
:1062B80005241A461946C0F8944200F047F9002010
:1062C80010BD00BF0000000010B50446B6B0D022D3
:1062D800002102A801F0BBF9174B22689A4201D0AD
:1062E80036B010BD9FED127B302302A88DED027BE6
:1062F8003393FDF749F8C0B9FCF7FCF90F4B0022BE
:10630800D3F8A4104A2041F08071C3F8A410D3F840
:10631800A430032103F080730193019BFBF792F8EB
:106328004A20FBF7CBF836B010BDFAF7C5FDE3E716
:10633800000000001000000000600140000C024452
:106348000146D0F8E00201F52771FFF75BBA00BFFC
:1063580001EB810300EBC303D3F86821D0F8E00216
:10636800FFF780BA01EB810300EBC3039A6AD0F808
:10637800E002FFF7B7BA00BFD0F8E002FFF760BB52
:1063880010B5C3790446022B01D0FAF795FDD4F86D
:10639800E0020121FFF734FBD4F8E002BDE8104029
:1063A800FFF700BB10B50446D0F8E002FFF72CFB5E
:1063B800E37A2BB1D4F8E03293F89D32032B00D066
:1063C80010BD054B1A6922F004021A611A6942F0DD
:1063D80002021A6110BD00BF00ED00E0C37A23B1CC
:1063E800044A136923F006031361D0F8E002FFF7AB
:1063F8001BBB00BF00ED00E0082208B51C4B0221C2
:106408001A7102464FF0000CD971C3F809101949E6
:10641800C3F8E0221846C2F8C832C3F80DC01960A4
:10642800FBF792F900BB0022142311461048FCF731
:106438002DF95423002280210D48FCF727F99423D5
:10644800002281210A48FCF721F9D42300220121E6
:106458000748FCF71BF94FF48A730022822104488D
:10646800FCF714F9002008BDFAF726FDDBE700BFAA
:106478002C0300200060014008B5D0F8C802FBF7E3
:1064880069FA18B102280CBF0120032008BD00BF1B
:10649800944608B51A46D0F8C8026346FBF7BEFF13
:1064A80018B102280CBF0120032008BD08B5D0F898
:1064B800C802FBF7F1FF18B102280CBF0120032026
:1064C80008BD00BF08B5D0F8C802FCF761F818B1DC
:1064D80002280CBF0120032008BD00BF08B5D0F872
:1064E800C802FCF793F818B102280CBF012003205A
:1064F80008BD00BF0A06D0F8C83206D401EB8101F6
:1065080003EBC10393F85601704701F07F0101EBDB
:10651800810103EBC103987D704700BF08B5D0F82F
:10652800C802FBF767FF18B102280CBF012003203F
:1065380008BD00BF08B5D0F8C802FCF70BF818B1C1
:1065480002280CBF0120032008BD00BF08B5D0F801
:10655800C802FBF7DBFF18B102280CBF012003209B
:1065680008BD00BFD0F8C802FBF7EABF0048704773
:10657800241E0020704700BF2DE9F0433C4C86469E
:1065880022780846A2B14FF6FF72BEF1000F0CD078
:1065980058B1384970441EF8013B5340DBB231F81A
:1065A8001330864583EA1222F5D11046BDE8F08300
:1065B8004AF2010C30494CE04FF420534FF4F048B4
:1065C8004FF201094FF4A0474AF2010686EA550640
:1065D80006F00106002E1CBF4F46434687EA950782
:1065E800FE0744BF83EA0C039BB283EAD506F7078C
:1065F800C3F34F0348BF83EA0C0383EA1516F60773
:106608004FEA530344BF83EA0C039BB283EA55164F
:10661800F7074FEA530344BF83EA0C039BB283EAAC
:106628009516F6074FEA530344BF83EA0C039BB25F
:1066380083EAD515ED074FEA530348BF83EA0C03F5
:1066480002F1010248BF9BB2B2F5807F21F8023FF8
:106658000AD012F0010695B2AED1334637464FF450
:10666800A0484AF20109B1E7012323708BE700BF74
:1066780044220020442000204220002038B50B4648
:106688001546540001462246184601F06EF87DB1C1
:106698000146431C221891F801C013F8010C02317D
:1066A800914203F801CC01F8010C03F10203F2D185
:1066B80038BD00BF30B51446CDB04FF496720546CC
:1066C80001A801F052F862007CB102F598710DEB57
:1066D800010E01ABAEF5967E93F800C0597883F8A9
:1066E80001C0197002337345F6D1284601A901F09B
:1066F8003CF84DB030BD00BF2DE9FF4757EC106B9B
:10670800002F0C4619463B46B4BF07F1004300234F
:106718009146BFBF32461F462D231646DDF830A0EE
:106728000B700D9B23F02008B8F1460F05D0B8F187
:10673800450F00D10134022100E0032103AB2246BA
:10674800019302AB47EC106B0093534601F0B0F88D
:10675800B8F1470F054619D119F0010F0ED000EB1B
:1067680004090022002330463946FAF7BDF908B17A
:10677800CDF80C903022039B4B451ED3039B284633
:106788000E9A5B1B136004B0BDE8F087B8F1460FA2
:1067980000EB0409E5D10378302B0AD1002200234D
:1067A80030463946FAF7A0F918B9C4F10104CAF815
:1067B8000040DAF800309944D3E7591C03911A7065
:1067C800D9E7F7B500290270BABF49422D232B2318
:1067D8000929437028DD0DF107030A271D461A46CB
:1067E800013BB1FBF7F607FB1614303402F8014CF5
:1067F8000C463146632CF2DC3031941E03F8011C40
:10680800411C2346AB420AD30DF109039B1AAC4243
:1068180088BF002302330344181A03B0F0BD13F8ED
:10682800016B01F8016FEDE7302330318370031DF0
:10683800C170F1E72DE9F04F8DB00C4616461F46A2
:10684800DDF85880054600F00BFF036818460493EE
:10685800F9F71EFD002305900A93D8F8003094F844
:1068680018A00733D4F800B023F0070303F1080297
:10687800C8F800204FF0FF32D3E9008929F000431F
:10688800CDF8188007939D4BDDE90601C4E912890C
:10689800FAF75CF970BB4FF0FF32984BDDE906015F
:1068A800FAF736F930BB0022002340464946FAF78A
:1068B80025F910B12D2384F84330914A914BBAF150
:1068C800470F94BF9046984603234FF00009236171
:1068D8002BF00403236033460BAA21462846009771
:1068E80000F0D2F9013040F08D804FF0FF300DB04C
:1068F800BDE8F08F42464B4640464946FAF726F92E
:1069080040B14B46804A002BBCBF2D2384F843304E
:106918007E4BD4E70AF0DF02636806925A1C3BD12B
:10692800062363604BF480620023284622600393A9
:106938000AABCDE901A309AB49EC108B00930DF12B
:1069480023036168FFF7D8FE069B80460999472B09
:1069580029D1C81C02DB6368994241DDAAF1020A09
:106968005FFA8AFA0139524604F150000991FFF79B
:1069780028FF0A9A81461318012A236102DC22683B
:10698800D20701D5013323619DF82330002BA2D013
:106998002D2384F843309EE7069A472AC2D1002B5C
:1069A800C0D10123BDE7BAF1650FDBD9BAF1660F93
:1069B80018D1002963680BDD216113B92268D0075B
:1069C80002D501330B4423614FF00009A165DBE7D1
:1069D80013B92268D20701D50233F4E70123F2E79D
:1069E8004FF0670A0A9B994205DB23682161D807A3
:1069F800EAD54B1CE7E70029D4BFC1F10202012206
:106A08001344E0E723685A0507D423694246314610
:106A18002846B84701302BD167E7BAF1650F40F235
:106A2800DD8000220023D4E91201FAF75DF800287E
:106A380033D00123364A31462846B84701303FF45F
:106A480054AFDDE90938434502DB2368D8070FD581
:106A580031462846DDE90423B84701303FF445AF05
:106A68004FF0000908F1FF3804F11A0AC84509DC9B
:106A780023689B0700F10381E0680B9B9842B8BF2D
:106A8800184634E70123524631462846B8470130B4
:106A98003FF42BAF09F10109E8E7099B002B39DC2A
:106AA80001231B4A31462846B84701303FF41DAF41
:106AB800DDE9093959EA030302D12368D907D7D593
:106AC80031462846DDE90423B84701303FF40DAFCD
:106AD8004FF0000A04F11A0B099B5B42534501DC95
:106AE8004B4693E701235A4631462846B8470130BA
:106AF8003FF4FBAE0AF1010AEEE700BFFFFFEF7FAC
:106B080076AE00087AAE00087EAE000882AE0008B5
:106B180086AE0008A36DDDF828A05345A8BF5346EC
:106B2800002B994636DC4FF0000B29EAE97904F18D
:106B38001A02A36D0693A3EB09035B4531DC099B9D
:106B48009A453ADC2368DA0737D4099BAAEB03098C
:106B5800069BAAEB03039945A8BF9946B9F1000F14
:106B680033DC4FF0000829EAE97904F11A0B099B94
:106B7800AAEB0303A3EB090343457FF779AF01238E
:106B88005A4631462846B84701303FF4AEAE08F1C0
:106B98000108ECE7424631462846B8470130C2D1E1
:106BA800A3E60123314628460692B84701303FF450
:106BB8009CAE0BF1010B069ABBE7DDE904233146D5
:106BC8002846B8470130C0D18FE6069A4B46314671
:106BD80028464244B8470130C3D186E6DDF828A0EC
:106BE800BAF1010F01DCDB0736D5012342463146F5
:106BF8002846B84701303FF478AE31462846DDE9EB
:106C08000423B84701303FF470AE002200230AF194
:106C1800FF3AD4E91201F9F767FFC0B9534608F102
:106C2800010231462846B84701300CD15DE6012300
:106C38005A4631462846B84701303FF456AE08F167
:106C48000108D045F3DB4B4604F15002DFE64FF074
:106C5800000804F11A0BF4E701234246E1E7012397
:106C68004A4631462846B84701303FF43EAE08F15F
:106C78000108E3680B995B1A4345F0DCFCE64FF02A
:106C8800000804F11909F4E72DE9F047164698467B
:106C98008A6807460B690C46DDF820909342B8BF16
:106CA8001346336091F843200AB1013333602368F7
:106CB800990642BF336802333360256815F006052C
:106CC80006D104F1190AE36832689B1AAB422BDC3F
:106CD80094F843302268003B18BF0123920630D451
:106CE80004F1430241463846C847013023D023689F
:106CF8001A3454F80A2C03F00603042B0ABF54F87C
:106D08000E5C002533684FF0000608BFED1A54F8F2
:106D1800123C08BF25EAE5759342C4BF9B1AED18DB
:106D2800B5421AD1002008E00123524641463846B0
:106D3800C847013003D14FF0FF30BDE8F087013577
:106D4800C1E7E1185A1C30200233224481F843007D
:106D580094F8451082F84310C2E7012322464146C1
:106D68003846C8470130E6D00136D9E72DE9FF4754
:106D78000F7E914680460C46782F9A460C9E01F16C
:106D8800430207D8622F0AD8002F00F0D280582F6C
:106D980000F0B98004F1420684F842703AE0A7F1A5
:106DA8006303152BF6D801A151F823F00D6E0008E6
:106DB800216E00089D6D00089D6D00089D6D0008FE
:106DC8009D6D0008216E00089D6D00089D6D0008EE
:106DD8009D6D00089D6D0008216F00084B6E00082E
:106DE800DB6E00089D6D00089D6D0008436F00086C
:106DF8009D6D00084B6E00089D6D00089D6D000894
:106E0800E36E000833681A1D1B68326004F14206FD
:106E180084F8423001239DE033682068191D3160F1
:106E2800060601D51D6803E04506FBD5B3F90050F9
:106E3800002D03DA2D236D4284F8433059480A2384
:106E480011E021683368080653F8045B02D4490648
:106E580048BFADB26F2F3360524814BF0A230823CE
:106E6800002184F843106668002EA660A2BF21683E
:106E780021F0040121600DB9002E4BD01646B5FB58
:106E8800F3F103FB1157C75D06F8017D2F460D4648
:106E9800BB42F4D9082B0BD12368DF0708D5236937
:106EA80061689942DEBF302306F8013C06F1FF36DF
:106EB800921B22614B4603AA21464046CDF800A00A
:106EC800FFF7E2FE01304AD14FF0FF3004B0BDE8D1
:106ED800F087236843F0200323607827324823682B
:106EE80084F845701F06316851F8045B02D45F06C8
:106EF80048BFADB23160D90744BF43F020032360D7
:106F08001DB11023ACE72748E9E7236823F02003E5
:106F18002360F6E71646BDE733682568181D6169E2
:106F280030602E061B6801D5196002E06806FBD5A3
:106F38001980002316462361BCE7336800211A1D17
:106F480032601E686268304600F001FC08B1801BA0
:106F5800606063682361002384F84330AAE72369EB
:106F6800324649464046D0470130ADD023689B079A
:106F780013D4E068039B9842B8BF1846A6E70123DC
:106F8800324649464046D04701309DD00135E36836
:106F980003995B1AAB42F2DCEBE7002504F1190612
:106FA800F5E700BF88AE000899AE00082DE9F04F5C
:106FB80087B0174680460C4603938B685A1EB2F575
:106FC800AE7F0A4689BF6FF4AE754FF0000B03EB36
:106FD800050B40F25D134FF0000588BF8B600B680E
:106FE800AA46A946029543F4F06342F81C3B1646AC
:106FF8000192CDE90455A26852B13B681B784E2B2B
:1070080064D8402B3CD8A3F12B01C8B20E283AD93A
:10701800B9F1000F03D0236823F4807323600AF1C9
:10702800FF3ABAF1010F00F21781019B9E4200F26C
:107038000881012007B0BDE8F08FA3F161020D2A95
:10704800E6D801A151F822F09771000819700008DC
:107058001970000819700008F7710008CF7100084E
:107068001970000819700008A57100081970000847
:107078001970000819700008197000085D7100087F
:10708800A3F14102DBE70E29C2D801A050F821F094
:107098004D710008197000084D710008E37100086F
:1070A80019700008F5700008337100083371000882
:1070B8003371000833710008337100083371000818
:1070C8003371000833710008337100086E2B09D83A
:1070D800602BB2D8542B7BD0592B99D1072D97D13F
:1070E80008252CE0742B73D0792BF6E72168C805A6
:1070F8001BD521F0800109F101092160BBF1000FC6
:1071080003D001320BF1FF3BA260A368013BA360EF
:107118002369013323617B68013B002B7B6040F3CB
:1071280087803B6801333B6065E71AEB05017FF414
:107138006FAF22680D468A4622F4C072226006F8B4
:10714800013BE2E7226810067FF562AF22F0800279
:107158002260F4E7BAF1000F0ED1B9F1000F0ED199
:10716800226802F4E061B1F5E06F08D122F4F06220
:107178004FF0010A2260E2E7BAF1020F55D0012D63
:1071880002D0042D7FF444AF0135EDB2D7E7BAF150
:10719800010F7FF43DAF4FF0020AD0E77DB9B9F196
:1071A800000F7FF438AF226802F4E061B1F5E06FB8
:1071B80040F0078122F4F06201252260BFE7032D29
:1071C800E2D0052DDEE7022D7FF422AF0325B6E7D6
:1071D800062D7FF41DAF0725B1E7226891057FF5DD
:1071E80017AF22F42072CDF808902260A7E7226832
:1071F80002F4A061B1F5806F06D050057FF508AFA5
:10720800B9F1000F00F0DD80910522F4F06258BF5B
:10721800029942F4C07258BFA9EB010122604FF0F5
:10722800000958BFCDE9041689E74FF0030A86E73D
:10723800D4F8803139464046984700283FF4DBAE01
:10724800E6E6D4F87C313A4616F8011D40469847E0
:107258002369013B2361E8E66B1E062B24D8022D27
:1072680036D8019B9E427FF6E4AED4F87C313A468C
:1072780016F8011D404698472369013B2361F0E752
:10728800D4F87C313A461BF8011D404698472369DB
:10729800013B23610AF1FF3A5FFA8AFABAF1020F59
:1072A800EED1033DEDB2761B2368DA052FD55B05D9
:1072B80011D5019B9E427FF6BCAED4F87C313A468C
:1072C80016F8011D404698472369013B2361F0E702
:1072D800AA46B346DEE716F8011C751E2369652920
:1072E80003F1FF3323610CD045290AD0D4F87C314F
:1072F8003A464046B51E9847236916F8021C013BDA
:1073080023612E46D4F87C313A4640469847226895
:1073180012F0100201D000208CE63270236803F4CA
:10732800C063B3F5806F1CD1029B4B45A3EB0902E8
:1073380023D100220199404602F03EFC2168039BBC
:1073480011F0020F1B6857EC106B03F104021FD0F9
:1073580003990A601B68C3E90067E3680133E360C7
:10736800D9E7049B002BE4D005990A234046013154
:1073780002F0A2FC049B059EC21A04F26F13124984
:107388009E4228BF04F5B776304600F0E3F8D0E710
:1073980011F0040F03990A60DCD11D6832463B46A0
:1073A80030463946F9F7D2FB28B1084800F0EAF927
:1073B80085ED000AD1E730463946F9F725FC286003
:1073C800CBE74FF000092AE6AAAE000845B200084C
:1073D800002310B504468360818119464366C28143
:1073E80008228361C0E90033C0E904335C3000F04F
:1073F8002EF90D4B246263620C4BA3620C4BE362C3
:107408000C4B23630C4B9C4206D003F16802944258
:1074180002D0D0339C4205D104F15800BDE8104099
:1074280000F092B910BD00BF9D750008BF75000837
:10743800F77500081B76000848220020024A034915
:10744800034800F069B800BFF80000207DA00008DC
:107458000801002041680C4B994210B5044601D040
:1074680002F008FEA168094B994202D0204602F0BA
:1074780001FEE168064B994204D02046BDE8104061
:1074880002F0F8BD10BD00BF48220020B022002045
:107498001823002010B50B4B04210B4C0B4A204637
:1074A8001A600022FFF794FF04F168000122092105
:1074B800FFF78EFF04F1D00002221221BDE8104030
:1074C800FFF786BF8023002048220020457400086B
:1074D800014800F03AB900BF89230020014800F0B4
:1074E80035B900BF8923002010B50446FFF7F0FF27
:1074F800236A1BB1BDE81040FFF7F0BF044B2362BD
:10750800044B1B68002BF5D1FFF7C4FFF2E700BF5F
:107518005D740008802300202DE9F843074688465B
:1075280014460026D4E90195B9F1010905D5246866
:10753800002CF7D13046BDE8F883AB89012B07D979
:10754800B5F90E30013303D029463846C047064303
:107558006835E9E70EB400B59CB06FF000411DAB8B
:1075680002900690079104910848094953F8042BA2
:10757800059102A90068019302F0FCFB029B00221E
:107588001A701CB05DF804EB03B0704704010020CA
:107598000802FFFF10B50C46B1F90E1000F086F88E
:1075A8000028ABBF636DA3891B1823F48053ACBFBD
:1075B8006365A38110BD2DE9F0411F468B890546FF
:1075C8000C46DB05164605D502230022B1F90E103C
:1075D80000F05AF8A3893246B4F90E10284623F46D
:1075E8008053A3813B46BDE8F04100F071B810B567
:1075F8000C46B1F90E1000F047F8431CA38915BFDB
:10760800606523F4805343F48053A38118BFA3819A
:1076180010BDB1F90E1000F027B8884210B501EB83
:10762800020402D98442234607D8431EA14208D047
:1076380011F8012B03F8012FF8E7024401468A42AA
:1076480000D110BD13F8014D02F8014DF7E70244CF
:107658000346934200D1704703F8011BF9E7000085
:10766800004870474402002038B50023054D044601
:1076780008462B60F9F774FC431C02D12B6803B150
:10768800236038BD8423002038B50446064D0846DB
:10769800114600222A601A46F9F76EFC431C02D1F3
:1076A8002B6803B1236038BD8423002038B5044615
:1076B800064D0846114600222A601A46F9F734FC9E
:1076C800431C02D12B6803B1236038BD84230020FA
:1076D80038B50446064D0846114600222A601A4667
:1076E800F9F730FC431C02D12B6803B1236038BD85
:1076F80084230020014B1868704700BF0401002054
:1077080070B50D4D00260D4C641BA410A64209D17E
:107718000B4D00260B4C03F071FB641BA410A64212
:1077280005D170BD55F8043B01369847EEE755F88A
:10773800043B01369847F2E7B0B20008B0B200083F
:10774800B0B20008B4B20008704770477047C9B2B9
:107758000346024410B59342184601D1002003E0C5
:10776800047801338C42F6D110BD0A44431E91427D
:1077780000D1704710B511F8014B914203F8014F41
:10778800F9D110BD9FED010A704700BF0000C07F0E
:107798002DE9F74F036907460C69A342C0F28380BD
:1077A800013C00F1140501F11408A30055F8242048
:1077B80008EB8409009305EB8403019358F82430FF
:1077C80001339A42B2FBF3F631D34FF0000AC446B4
:1077D800AE46D3465CF8043B98B2E1454FEA134302
:1077E80006FB00A04FEA104280B206FB0323DEF836
:1077F800002092B24FEA134AA2EB00029BB2DEF8D5
:1078080000005A44C3EB224392B203EB104342EA0E
:1078180003424FEA234B4EF8042BDBD2009BEB5874
:107828002BB9019B043B9D421A4630D33C61384634
:1078380001F0C8F9002826DB2946002058F8042B57
:10784800D1F800C01FFA82FEC1451FFA8CF34FEA37
:107858001242A3EB0E030344C2EB23429BB202EB9A
:107868001C4243EA02434FEA224041F8043BE5D276
:1078780055F8242005EB840322B9043B9D421A469F
:107888000BD33C610136304603B0BDE8F08F126877
:10789800043B002ACAD1013CC5E71268043B002A10
:1078A800EFD1013CEAE70020EEE70000000000000D
:1078B8002DE9F04FC76999B08346229E09910E922F
:1078C800139355EC104B8DED020B7FB9102000F08F
:1078D800FDFD0246CBF81C0020B9A74BEF21A748B5
:1078E80002F01AFCC0E901770760C760DBF81C30BA
:1078F800196859B15A680123584693404A608B6009
:1079080000F0DAFEDBF81C3000221A602B1EB7BF2D
:1079180023F00043002301220393A8BF3360039F91
:10792800974BB8BF3260BB4312D142F20F73139A20
:107938001360C7F31303234300F04C85239BDFF840
:1079480054A2002B00F04E850AF1030300F048BD55
:107958009DED027B0022002351EC170B8DED0C7B73
:10796800F9F7C2F8804658B10123139A1360239B94
:1079780013B1844B239A1360DFF81CA200F032BDC8
:10798800C7F30A5616AA17A958469DED0C0B01F025
:1079980041FA8146002E75D00D9BA6F2FF36CDF830
:1079A8005080C3F3130343F07F53DDE90C0143F424
:1079B800401319460022744BF8F776FC68A3D3E904
:1079C8000023F8F729FE68A3D3E90023F8F76EFC33
:1079D80004460D463046F8F7B5FD65A3D3E9002304
:1079E800F8F71AFE02460B4620462946F8F75EFCD1
:1079F80004460D46F9F7C0F8002207460023204642
:107A08002946F9F77BF840B13846F8F79BFD22463E
:107A18002B46F9F769F800B9013F162F51D85B4B8F
:107A280003EBC703DDE90C01D3E90023F9F766F896
:107A3800002848D0013F00231293169B9B1B5A1E17
:107A480046BFC3F1010800234FF00008089248BF61
:107A58000893002F39DB089B0F973B4408930023BA
:107A68000A93099B092B64D8052BC5BF043B002446
:107A780001240993099B023B032B65D8DFE803F037
:107A88002C393757DDE916631E4406F23243202BA2
:107A9800C9BFC3F14003C3F120039F4006F212435C
:107AA800D8BF04FA03F006F1FF36C4BF24FA03F383
:107AB80047EA0300F8F736FD0122A1F1F8731492A2
:107AC80077E70123B8E71290B7E77B42A8EB0708EE
:107AD8000A9300230F93C4E700230B930E9B002BFC
:107AE80035DC01231A46009307930E920BE001231D
:107AF800F3E700230B930E9BFB1800930133012B34
:107B08000793B8BF0123DBF81C000021042202F10F
:107B180014059D421FD94160584600F08DFD8246EC
:107B280000283BD11A4B024640F2AF11D7E6012399
:107B3800E0E7012400230B9409934FF0FF33002260
:107B4800009307931223D0E701230B93F5E70E9BCD
:107B580000930793D7E701315200D8E7AFF30080CD
:107B680061436F63A787D23FB3C8608B288AC63F3B
:107B7800FB799F501344D33FBCAE0008D3AE000836
:107B88000000F07F87AE00080000F83FD0AF000883
:107B98002BAF0008B8AE000886AE0008DBF81C3032
:107BA8001860079B0E2B00F2A480002C00F0A18027
:107BB800002F33DD07F00F02AC4BF8054FEA27140E
:107BC80003EBC20393ED007B8DED047B16D5A84B28
:107BD80004F00F040326D3E90823DDE90C01F8F7C4
:107BE80045FECDE90201A24D54B9DDE90423DDE9E2
:107BF8000201F8F73BFECDE9020128E00226F2E790
:107C0800E10708D50136DDE90401D5E90023F8F7D5
:107C180003FDCDE9040164100835E5E700F0D280E2
:107C28007C42924B924D022604F00F02241103EB82
:107C3800C203DDE90C01D3E90023F8F7EDFC0023CA
:107C4800CDE90201002C40F0B280002BD3D1129B69
:107C5800DDE90245002B00F0B7800022854B204665
:107C68002946F8F74BFF002800F0AE80079B002B51
:107C780000F0AA80009B002B37DD7B1E20460022E7
:107C88002946049301367C4BF8F7C6FC009CCDE9E5
:107C980002013046F8F756FCDDE90223F8F7BCFC90
:107CA8000022764BF8F702FB0546A1F15076002C2E
:107CB80040F08D800022724BDDE90201F8F7F4FAFA
:107CC80002460B46CDE902232A463346F8F734FF2D
:107CD800002840F08B822A4606F10043DDE90201C4
:107CE800F8F70CFF002840F02881DDE90C34CDE9D5
:107CF8000234179B002BC0F25A810E2F00F35781D4
:107D08005A4B03EBC70393ED007B0E9B002B8DEDC5
:107D1800007B03DA079B002B40F301815646DDE91F
:107D28000245DDE9002320462946F8F79FFDF8F7CC
:107D380023FF8046F8F706FCDDE90023F8F76CFC22
:107D48000246204608F130040B462946F8F7ACFAFB
:107D5800079D06F8014BA6EB0A0402460B46A5420E
:107D680040F01781F8F7A2FA04460D46DDE9002332
:107D7800F8F7E2FE002840F0F98020462946DDE9C0
:107D88000023F8F7B1FE18B118F0010F40F0EE80AB
:107D98004946584600F090FC002301373370139B86
:107DA8001F60239B002B00F01D831E601AE3E2076F
:107DB80005D50136D5E90023F8F72EFC0123641018
:107DC80008353FE7022642E7079C049761E7274BFF
:107DD8000B9903EBC403544453E90223002953D0FD
:107DE80000202849F8F742FD334656462A46F8F758
:107DF8005BFACDE91001DDE90201F8F7BDFE0546A1
:107E0800F8F7A0FB02460B463035DDE90201F8F72A
:107E18004BFA02460B4606F8015BCDE90223DDE981
:107E28001023F8F76BFE002871D100201149DDE915
:107E38000223F8F739FADDE91023F8F75FFE002886
:107E480040F09580A6423FF450AF00220A4BDDE98E
:107E58001001F8F7E1FB0022074BCDE91001DDE93D
:107E68000201F8F7D9FBCDE90201C4E7D0AF000859
:107E7800A8AF00080000F03F0000244000001C40AC
:107E8800000014400000E03F314656462846F8F707
:107E9800C3FB1594CDE91001DDE90201F8F76CFE8A
:107EA8000546F8F74FFB024630350B46DDE902017F
:107EB800F8F7FAF906F8015B02460B46A642CDE947
:107EC80002234FF0000224D1AC4BDDE91001F8F792
:107ED800EDF902460B46DDE90201F8F72DFE002810
:107EE80045D10020A549DDE91023F8F7DDF9024660
:107EF8000B46DDE90201F8F701FE00283FF4F5AE74
:107F0800159E731E159316F8013C302BF8D0049F6C
:107F18003EE79B4BF8F780FBCDE90201BCE70CD1AB
:107F28000022984BDDE90001F8F776FBDDE9022332
:107F3800F8F7F8FD002800F05781002425460E9B2D
:107F48005646DB43049300272146584600F0B4FB0D
:107F5800002DDCD02FB1AF4203D03946584600F08F
:107F6800ABFB2946584600F0A7FBD0E704973346F9
:107F78001E4613F8012D392A07D19A45F8D1049ADB
:107F88000132049230228AF800201A7801321A70DD
:107F9800BDE700227A4BF8F73FFB00220023044696
:107FA8000D46F8F7A1FD00283FF4BBAEF0E60B9AAA
:107FB800002A00F0DB80099A012A00F3BF80149A96
:107FC800002A00F0B78003F233430A9C4646089A19
:107FD8000121584698441A44089200F06DFC054661
:107FE8005EB1089B002B08DDB342089AA8BF334650
:107FF800A8EB0308F61AD31A08930A9BF3B10B9B54
:10800800002B00F0B7808CB129462246584600F074
:1080180013FD4A4601460546584600F063FC4946AA
:108028000490584600F048FB049B99460A9B1A1B8B
:1080380004D04946584600F0FFFC814601215846C5
:1080480000F03AFC0F9B0446002B00F0CF811A4643
:108058000146584600F0F0FC099B0446012B00F34A
:108068009580029B002B40F08780039BC3F313038A
:10807800002B40F08980039B23F000431B0D1B0558
:108088002BB1089B08F101080133089301230A93D7
:108098000F9B002B00F0B081236904EB8303186960
:1080A80000F0BEFBC0F12000089B184410F01F0030
:1080B80077D0C0F12003042B6BDDC0F11C00089BB6
:1080C8008044034406440893B8F1000F05DD49468F
:1080D8004246584600F00AFD8146089B002B05DD04
:1080E80021461A46584600F001FD0446129B002B13
:1080F80059D02146484600F065FD002853DA7B1E1A
:1081080049460A2258460493002300F0F7FA0B9BCD
:108118008146002B00F07281002329460A22584626
:1081280000F0ECFA009B0546002B67DC099B022B4C
:1081380041DC63E0169BC3F1360346E7079B5C1EF0
:108148000A9BA342B7BF0A9B1C1B0F9AE31ABEBF28
:108158000A940024D218079BB8BF0F92002BB5BF12
:10816800A8EB030646460023079B30E70A9C4646D1
:108178000B9D35E70A9A5CE7002388E70000E03F9B
:108188000000244000001440029B80E700230A936B
:1081980082E799D01C33089A1A4498441E440892DE
:1081A80092E70346F6E7079B0497002B20DC009331
:1081B800099B022B1EDD009B002B7FF4C0AE2146DD
:1081C8000522584600F09AFA01460446484600F04F
:1081D800F9FC00287FF7B3AE3123564606F8013B79
:1081E800049B01330493AEE6079C04972546F3E706
:1081F800079B00930B9B002B00F00481002E05DDEC
:1082080029463246584600F071FC05460A9B002B69
:108218005AD06968584600F00FFA064628B9844BC8
:10822800024640F2EF21FFF75ABB2A6905F10C011B
:108238000C3002329200FFF798FA01223146584674
:1082480000F054FC0AF101032F4605460793009BF2
:1082580053440B93029B03F001030A93079B2146A7
:108268004846013B0093FFF793FA3946029000F124
:108278003008484600F0A6FC2A4608902146584691
:1082880000F0BCFCC268064602BB0146484600F046
:1082980099FC0246314658460E9200F00DFA099BA9
:1082A8000E9A079E43EA02010A9B194310D1B8F1BE
:1082B800390F29D0089B002B02DD029B03F13108FE
:1082C800009B83F800803FE62846BBE70122E1E7F0
:1082D800089B002B04DB09990B430A990B4320D117
:1082E800002AEDDD49460122584600F0FFFB2146F1
:1082F800814600F067FC002803DCE1D118F0010F8B
:10830800DED0B8F1390FD8D13923009A137033462B
:108318001E46013B16F8012C392A52D001321A7038
:1083280012E6002A07DDB8F1390FEDD008F1010394
:10833800009A137008E6079B079A03F8018C0B9BB9
:10834800934228D0494600230A22584600F0D6F91D
:10835800AF4281464FF000034FF00A0239465846B3
:1083680007D100F0CBF907460546079B0133079371
:1083780074E700F0C3F92946074600230A22584645
:1083880000F0BCF90546F0E7009B0027002BCCBFA6
:108398001E460126564449460122584600F0A6FBCF
:1083A8002146814600F00EFC0028B0DC02D118F00E
:1083B800010FACD133461E4613F8012D302AFAD0EE
:1083C800C2E59A45A4D1049B0133049331238AF86A
:1083D8000030B9E5239BDFF85CA01BB10AF1080364
:1083E800239A1360504619B0BDE8F08F099B012B02
:1083F8007FF737AE0F9B0A93012055E6009B002BB1
:108408007FF7D6AE564621464846FFF7C1F900F138
:108418003008009B06F8018BA6EB0A029342B3DDF5
:10842800494600230A22584600F068F98146EAE7DF
:108438002BAF0008AFAE000838B50546002941D07B
:1084480051F8043C0C1F002BB8BFE41800F0E8F802
:108458001D4A136833B9636014602846BDE8384084
:1084680000F0E4B8A34208D9206821188B4201BF64
:1084780019685B6809182160EDE71A465B680BB15B
:10848800A342FAD911685018A0420BD120680144C0
:10849800501811608342E0D118685B680844536043
:1084A8001060DAE702D90C232B60D6E72068211880
:1084B8008B4202BF19685B680918636008BF2160B6
:1084C8005460CAE738BD00BF90230020024B014624
:1084D800186800F025B800BF0401002070B50F4EE1
:1084E8000C460546316811B901F0FEFD30602146A1
:1084F800284601F0F9FD431C03D14FF0FF34204614
:1085080070BDC41C24F00304A042F8D0211A2846E8
:1085180001F0EAFD0130F2D1EFE700BF8C23002023
:108528002DE9F843CD1C064625F0030508350C2D2A
:1085380038BF0C25002D01DBA94204D90C23336078
:108548000020BDE8F883DFF8D48000F069F8D8F897
:1085580000301C4644BB29463046FFF7BFFF431C8A
:10856800044658D1D8F800402746002F43D1002CA4
:108578004BD023683946304604EB030901F0B4FDBB
:10858800814542D1216830466D1A2946FFF7A6FF7A
:1085980001303AD023682B442360D8F800305A6859
:1085A80062BBC8F800700FE02268521B20D40B2A67
:1085B80017D96119A342256018BF5960636808BFBD
:1085C800C8F8001062514B60304600F02FF804F1F3
:1085D8000B00231D20F00700C21A1CBF1B1AA35052
:1085E800AFE76268A3420CBFC8F800205A60EBE707
:1085F80023466468AEE73C467F68B6E71A465B6880
:10860800A342FBD100235360DEE70C2330463360DE
:1086180000F00CF894E70560D6E700BF902300202F
:108628000148FFF792B800BF882300200148FFF7F0
:108638008DB800BF8823002070B5C66904460D4672
:1086480076B91020FFF742FF0246E06120B9184BC7
:108658006B21184801F060FDC0E901660660C6603C
:10866800E669F36883B1E369DB6853F82500B8B9B4
:108678000121204601FA05F6721D920001F06AFDFB
:1086880060B1C0E901560EE021220421204601F024
:1086980061FDE369F060DB68002BE4D1002070BD68
:1086A800026843F825200023C0E90333F7E700BF39
:1086B800BCAE00083CAF000870B5C66905460C465C
:1086C80076B91020FFF702FF0246E86120B9094B8E
:1086D8008F21094801F020FDC0E901660660C660E7
:1086E8003CB1EB696268DB6853F82210216043F8FB
:1086F800224070BDBCAE00083CAF00082DE9F04137
:1087080001F1140C07460C461E460D690020DCF8E2
:108718000030013099B2854202FB01614FEA1346ED
:108728004FEA114389B202FB063301EB03414FEADA
:1087380013464CF8041BEADC0EB3A368AB4219DC01
:10874800616838460131FFF777FF804628B902464D
:108758000C4BBA210C4801F0DFFC226904F10C0132
:108768000C3002329200FFF700F8214644463846A2
:10877800FFF7A2FF04EB850301355E612561204602
:10878800BDE8F0812BAF00083CAF00082DE9F843A5
:1087980015461F46092208330C460646002193FB5E
:1087A800F2F301229A4209DB3046FFF745FF40B950
:1087B8000246194BD321194801F0AEFC5200013191
:1087C800F0E7089B092D43614FF00103036116DDB3
:1087D80004F109092C44C84618F8013B01460A224D
:1087E8003046303BFFF78AFFA045F5D1A5F10804D4
:1087F8004C442D1B6319BB4204DBBDE8F8830A34E3
:108808000925F6E714F8013B01460A223046303BB9
:10881800FFF774FFEEE700BF2BAF00083CAF00087E
:10882800B0F5803F034636BF030400201020B3F1A3
:10883800807F3CBF1B020830B3F1805F3CBF1B0147
:108848000430B3F1804F3CBF9B000230002B05DBA6
:1088580013F0804F00F1010008BF20207047036823
:10886800024613F007000BD0D90721D4980747BF59
:108878005B0801209B0802204CBF136013607047FF
:1088880099B209B91B0C1020D9B209B908301B0AD2
:10889800190704BF1B090430990704BF9B0802305D
:1088A800D90703D45B0800F1010003D013607047B7
:1088B800002070472020704710B50C460121FFF7B3
:1088C800BBFE024628B9054B40F24511044801F0A9
:1088D80023FC01234461036110BD00BF2BAF0008D6
:1088E8003CAF00082DE9F04F14460A690F4685B0E1
:1088F80023699A42A2BF23460C461F46D4F810A00B
:10890800A368D7F8109061680AEB0906B342B8BFAC
:108918000131FFF791FE30B90246454B4FF4B17172
:10892800444801F0F9FB00F11405002205EB860824
:108938002B46434521D307F1140104F1140204F135
:10894800150702EB8A0201EB89030293131B153BFF
:1089580023F003030433BA4238BF04230193029B74
:1089680003918B420CD8002E03DD58F8043D002BF0
:108978005BD0066105B0BDE8F08F43F8042BD8E75B
:10898800B1F800A0BAF1000F24D004F1140EA946E2
:108998004FF0000C5EF8047BD9F800301FFA87FB13
:1089A80072459BB20AFB0B334FEA174BD9F800709C
:1089B80063444FEA174C0AFB0BC707EB13479BB2FC
:1089C8004FEA174C43EA074349F8043BE2D8019BB6
:1089D80045F803C0039B0431B3F80290B9F1000FC6
:1089E80021D02B6804F1140CAE464FF0000ABCF8F5
:1089F80000B09BB2BEF8027009FB0B77574443EAFC
:108A080007434EF8043B5CF8043B4FEA134ABEF8B0
:108A18000030624509FB0A3303EB17434FEA134A58
:108A2800E5D8019FEB51043599E7013E9BE700BF6C
:108A38002BAF00083CAF00082DE9F843154612F0AB
:108A4800030207460E4607D0013A254C002354F886
:108A58002220FFF753FE0646AD103DD0FC697CB9D5
:108A68001020FFF733FD0246F86128B91D4B40F28C
:108A7800B3111D4801F050FBC0E901440460C46013
:108A8800D7F81C80D8F808404CB940F27121384614
:108A9800FFF712FF00230446C8F8080003604FF0F0
:108AA8000009EB070AD5314622463846FFF71AFF78
:108AB8008046314638464646FFF7FEFD6D100BD01E
:108AC800206838B9224621463846FFF70BFF206058
:108AD800C0F800900446E4E73046BDE8F88300BFDC
:108AE80098AF0008BCAE00083CAF00082DE9F0477D
:108AF8000C46074691464FEA621A2369496803EB18
:108B08006218A36808F10106B3420BDB3846FFF789
:108B180093FD054648B90246284B4FF4EF712848A3
:108B280001F0FAFA01315B00EEE7002300F11401CD
:108B380000F110021846534533DB2AEAEA7A04F1B9
:108B48001403206919F01F0901EB8A0103EB800C5B
:108B58002BD0C9F1200E8A460022186800FA09F0C5
:108B680010434AF8040B53F8042B9C4522FA0EF2E2
:108B7800F3D8ACEB040304F11500153B23F0030311
:108B88000433844538BF0423CA500AB108F10206E9
:108B9800013E384621462E61FFF78EFD2846BDE886
:108BA800F087013342F8040FC5E7043953F8042B62
:108BB8009C4541F8042FF9D8EAE700BF2BAF00081D
:108BC8003CAF000803460A690069801A30B50ED127
:108BD8001433143103EB820401EB820154F8045D71
:108BE80051F8042D954203D005D24FF0FF3030BD27
:108BF800A342F3D3FBE70120F9E700002DE9F74F83
:108C080089460646114614464846FFF7DBFF051E0F
:108C180012D129463046FFF70FFD024628B9414BCD
:108C280040F23721404801F077FA0123C0E90435C2
:108C3800104603B0BDE8F08FBCBF4B46A146304696
:108C4800B8BF0125D9F80410B4BF1C460025FFF7AA
:108C5800F3FC024618B9334B40F24521E2E7D9F854
:108C6800107004F1140E266900F1140BC56009F1A7
:108C7800140509F110030EEB860605EB8708D946A3
:108C88004FF0000C0193019B5EF8040B53F804AFFE
:108C9800764501931FFA8AF3194683B24FEA1040CA
:108CA800A1EB0303C0EB1A40634400EB23409BB2E3
:108CB8004FEA204C43EA004349F8043BE3D8331B0E
:108CC8001534153B23F003030433A64238BF0423AD
:108CD8001D445B442C461E4644450ED308F103014F
:108CE800491B033D21F00301A84538BF00210B446F
:108CF80053F8041D99B117619AE754F8041BE64626
:108D08001FFA81FC080C7144F44489B200EB2C4032
:108D180041EA00414FEA204C46F8041BDCE7013FDA
:108D2800E6E700BF2BAF00083CAF000882B0114B4C
:108D38008DED000B019A1340A3F15073002B08DC52
:108D48005B42B3F1A07F4FEA235204DA4FF40023C9
:108D58001341002208E0A2F114031E2BD6BF4FF0E6
:108D680000420122DA4000231946104641EC100B5C
:108D780002B070470000F07F2DE9F041066900F16C
:108D8800140808EB860656F8042C371F1046FFF720
:108D980047FDC0F120030A280B601D4916DCC0F10D
:108DA8000B0CB84500F1150022FA0CF302FA00F09A
:108DB80043EA010534BF56F8083C002323FA0CF3B4
:108DC80003431C4645EC104BBDE8F081B8453ABF5B
:108DD800A6F1080756F8083C00230B3814D0C0F158
:108DE80020018240474523FA01F403FA00F342EADE
:108DF800040242F07F558CBF57F8042C002245F43A
:108E08004015CA401343DCE742EA0105D9E700BF31
:108E18000000F03F2DE9F7430F460121164659ECB3
:108E2800108BFFF709FC044630B90246234B40F289
:108E38000F31234801F070F9C9F30A55C9F3130338
:108E48000DB143F480130193B8F1000323D06846B1
:108E58000093FFF704FDDDE90012D0B1C0F1200353
:108E680002FA03F3C2400B4301926361019B002B9A
:108E7800A3610CBF012202222261A5B1A5F23345EC
:108E88000544C0F135003D603060204603B0BDE8C0
:108E9800F0836161EAE701A8FFF7E1FC019B20305C
:108EA80001226361E8E7A0F2324004EB82033860F4
:108EB8001869FFF7B5FCC0EB4210E5E72BAF0008D7
:108EC8003CAF00082DE9F04F85B0CDE9001002A9AC
:108ED800FFF752FF03A9009855EC104BFFF74CFF22
:108EE800019B2F4620461969009B1B69C91ADDE9B9
:108EF80002325BEC10AB9B1AD94603EB4113002BF3
:108F0800CDBF2A46C3EB03335A4602EB0357D8BFFB
:108F180002EB0359524639464B46F7F7A7FC41EC9A
:108F2800100B05B0BDE8F08F013902F114034911A7
:108F380070B501311469051F00EB810103EB84044E
:108F4800A3420CD3A31A1132113B23F00303A2420C
:108F580088BF002318440023884205D370BD53F806
:108F6800046B45F8046FEBE740F8043BF4E700F1C5
:108F780014024B110069984210B511DB0ADD11F09B
:108F88001F0107D052F8234024FA01F000FA01F13A
:108F98008C420BD102EB8303934203D8002010BD0F
:108FA8000346F7E753F8041D0029F5D00120F6E73A
:108FB80070B504460D46164645EC104BFFF7B6FE55
:108FC80051EC100B7EB1C5F30A53C3F16B03002BB0
:108FD80009DD1B05002403F17F55224605F54015E0
:108FE8002B46F7F719FB41EC100B70BD0000000091
:108FF8002DE9F04F9FB00C464FF0000A4FF0000BE0
:109008001792002205901A920A46199211782B2974
:109018004AD038D80D2932D8082932D800293BD06F
:1090280000220B92199D2A78302A40F0B3806A7882
:1090380002F0DF02582A6ED1029319A90B9B904ABD
:1090480001931AAB059800931BAB01F0FDF810F0E3
:109058000F06044605D0062E28D1013500231995A0
:109068000B93179B002B40F08E850B9BCBB1524680
:109078000BF1004343EC102B1FB0BDE8F08F202903
:10908800CED10132C1E72D29CAD101210B91511C42
:1090980019915278002AC5D1179B1994002B40F0DA
:1090A800708552465B46E5E70021EFE71A9A3AB128
:1090B80035211CA8FFF738FF1A990598FFF7FCFA25
:1090C800013E1B9A042E06D8DFE806F014031D2083
:1090D8001400DDE91CABE10548BF4BF0004B2BF059
:1090E80000431B0D1B05002BBBD1FEF703FB2223FE
:1090F8000360B6E7DDE91CA302F2334223F48013D0
:1091080043EA025BE7E7DFF880B1E4E76FF0004B82
:109118004FF0FF3ADFE7199B5A1C19925B78302B06
:10912800F9D0002B9DD0012309930A22199B0C9397
:1091380000231F4608930A9319980578A5F1300370
:10914800D9B2092928D901224E4900F0BBFF0028CD
:1091580033D000202A463D4681460346652A01D081
:10916800452A14D11DB9099A024395D00025199CA6
:10917800621C199262782B2A78D02D2A7CD04FF065
:10918800000CA2F13001092940F2848019944FF0B3
:109198000008A4E00023C7E7082F00F1010007F149
:1091A8000107D5BF0A99089902FB013302FB013375
:1091B800D4BF0A9308931990BEE7199B5A1C1992B9
:1091C8005A787FB381463D46A2F13003092B12D964
:1091D8000123C3E7199B01305A1C19925A78302A87
:1091E800F8D0A2F13103082B00F2D2848146002086
:1091F800199B05460C93303A00F101032AD0994493
:1092080000EB050C2B460A2163450DD1691C01446E
:109218002844082816DC0A980A2303FB00230A932B
:10922800002318E03846DAE7082B03F1010303DCD2
:109238000A9E4E430A96E7E7102BDEBF089E4E4370
:109248000896E1E70F28EBDC08980A2303FB0023C4
:109258000893E5E72946199A0D46501C19901846B7
:109268005278B1E74FF0000901237CE74FF0000C7A
:10927800A21C1992A27884E74FF0010CF8E700BF0E
:10928800B0B0000898B000080000F07F199A511C8F
:1092980019915278302AF9D0A2F1310108293FF604
:1092A80076AF303A4FF00A080E92199A0F92199A2F
:1092B800561C19965278A2F1300EBEF1090F39D911
:1092C8000F9944F61F68761A082E03DC0E99884514
:1092D800A8BF8846BCF1000F01D0C8F10008002DD6
:1092E8004ED1099908437FF4BCAE002B7FF4D4AE6D
:1092F800692A28D025DC492A25D04E2A7FF4CCAE0D
:109308009B4919A801F0C0F900283FF4C5AE199B84
:109318001B78282B2ED11CAA964919A801F0C8F948
:10932800052827D11D9BDDF870A043F0FF4B4BF4B7
:10933800E00B96E60E9908FB0121A1F130020E928E
:10934800B5E76E2ADAE78C4919A801F09DF90028DB
:109358003FF4A2AE199B19A88849013B199301F063
:1093680093F910B9199B01331993DFF820B24FF024
:10937800000A76E6824800F0C7FE5BEC10AB70E6A8
:10938800A8EB0903002F08BF2F46102D0A982C467A
:109398000993A8BF1024F7F7C5F8092D82468B4614
:1093A80013DC099B002B3FF45CAE099B78DD162B80
:1093B8005FDC7449524601EBC3015B46D1E9000109
:1093C800F7F72AF982468B464BE66E4B03EBC4034C
:1093D80053E91223F7F720F982468B460898F7F7E6
:1093E800A1F802460B4650465946F6F75FFF0F2D87
:1093F80082468B46D5DD2C1B099B1C44002C40F370
:10940800968014F00F030AD05E49524601EBC3015F
:109418005B46D1E90001F7F7FFF882468B4634F046
:109428000F0473D0B4F59A7F48DD0024A046A14606
:109438000A942223059ADFF854B14FF0000A13600A
:109448000A9B002B3FF40DAE1A990598FFF734F9E3
:1094580049460598FFF730F941460598FFF72CF97A
:109468000A990598FFF728F921460598FFF724F986
:10947800F7E5C5F12503099A9342BCDBC5F10F0551
:10948800404C52465B4604EBC501D1E90001F7F7B1
:10949800C3F8099B5D1B04EBC504D4E900238FE7DF
:1094A8001633A8DBA9EB0808364B5046594603EBA0
:1094B800C808D8E90023F7F7D9F983E7324B241114
:1094C80050465946089300231E46012C21DC0BB157
:1094D80082468B462C49ABF1547B524601EBC601C0
:1094E8005B46D1E90001F7F797F8284B0A46824610
:1094F8000B4027498B4298D8A1F580118B4286BF33
:10950800DFF890B04FF0FF3A02F1547B0023089344
:109518007AE0E20705D5089BD3E90023F7F77CF842
:109528000123089A0136641008320892CDE7EDD07D
:10953800644214F00F020AD0124B5046594603EB0E
:10954800C203D3E90023F7F791F982468B46241129
:10955800DCD01F2C20DD0024A046A1460A9422233B
:10956800059A4FF0000A4FF0000B136068E700BF40
:1095780083AE00089CB000087BAE0008B2AE0008BD
:1095880045B20008D0AF0008A8AF00080000F07F7F
:109598000000A07CFFFFEF7F14F0100350465946EF
:1095A800A94E18BF6A2308930023E20704D5D6E919
:1095B8000023F7F731F80123641006F10806F4D107
:1095C8000BB182468B46089BB3B1CBF30A5259467E
:1095D800C2F16B03002B0FDD1F2B55DD342B4FF031
:1095E800000ADBBF4FF0FF33C2F14B024FF05C7B48
:1095F8009340D8BF03EA010B002200235046594686
:10960800F7F772FA0028A6D10A9B3A460C990093FC
:109618002B460598FFF7BAF80A9000283FF405AFE3
:10962800099AA9EB08030024002AA046A8BF002332
:10963800129322EAE27316930A9B05985968FEF77B
:10964800FBFF814600283FF4F4AE0A9B0C301A69F0
:1096580003F10C0102329200FEF787F81CAA1BA93D
:1096680005984BEC10ABCDE90CABFFF7D3FB1A9088
:1096780000283FF4DEAE01210598FFF71DF980466A
:1096880048B94FF00008D4E64FF0FF3202FA03F36E
:1096980003EA0A0AB0E71B9D1C9A002DA9BF129B7A
:1096A800169BEF18169EB8BF5E1B089BB8BF129F8B
:1096B800ED1A664B1544C2F13602013D9D424FDA60
:1096C8005B1B01211F2BA2EB03023DDC01FA03F314
:1096D800139300231093BD18089B1644AF421E44F1
:1096E8003B46A8BF2B46B342A8BF3346002BC2BF98
:1096F800ED1AF61AFF1A129B002B16DD41461A4680
:109708000598FFF799F980460028BAD001461A9AB9
:109718000598FFF7E7F80E9000283FF48AAE1A99EB
:109728000598FEF7C9FF0E9B1A93002D1DDC099BB7
:10973800002B23DD4946169A0598FFF77DF98146E7
:10974800E0B94FF0000974E6C5F17F45139105F5BE
:109758007F0505F57B45E23501FA05F31093BAE775
:109768000023109301231393B5E72A461A99059805
:10977800FFF7BCF91A900028D9D15AE6002E07DD68
:10978800494632460598FFF7B1F981460028D8D0F6
:10979800002F08DD41463A460598FFF7A7F98046AD
:1097A80000283FF446AE4A461A990598FFF726FA6C
:1097B800044600283FF43DAEC36841460F9300239A
:1097C800C360FFF7FFF9002846DA0F9B53EA0A0344
:1097D8006CD1CBF31303002B68D12BF000431B0D86
:1097E8001B05B3F1D66F61D9636913B92369012BDE
:1097F8005CDD214601220598FFF778F941460446C9
:10980800FFF7E0F9002851DD2BF00043089A1B0D03
:109818001B05002A6BD0B3F1D66F68D8B3F15C7F13
:109828007FF69DAE0A4B504659460022F6F7F4FEE5
:10983800084B82468B460B40002B7FF405AE222353
:10984800059A136000E600BFC8B0000802FCFFFFDD
:10985800000050390000F07FCDF838B065D10F9A7C
:10986800CBF313035AB39E4A93422BD1089B51461C
:1098780003B35A469B4B13404FF0FF32B3F1D46FFA
:109888001BD81B0DC3F16B0302FA03F3994219D1DC
:10989800954B0E9A9A4202D101313FF4CAAD914BD1
:1098A8004FF0000A0E9A1A4002F5801B089B002B05
:1098B800B8D1C9E54FF0FF33E8E71346E6E753EAC6
:1098C8000A03A1D0109BDBB10E9A1342EED00F9B76
:1098D8005046089A5946BBB1FFF76AFBDDE90C010F
:1098E80053EC102BF6F7E2FC82468B46DEE7A3F535
:1098F80080134FF0FF3A6FEA135B6FEA0B5BD5E713
:10990800139B13EA0A0FE1E7FFF752FBDDE90C01AD
:1099180053EC102BF6F7C8FC0022002382468B4636
:10992800F7F7E2F80028C1D019E641462046FFF7CC
:10993800C9FA00224FF0804357EC106B3046394685
:10994800F7F7E6F800286FD00F9B002B7AD1BAF111
:10995800000F58D10E9BC3F31303002B5AD10022DA
:10996800624B30463946F7F7C9F8002859D13046D6
:10997800394600225E4BF6F74FFE06460F4607F1C2
:10998800004306960793574DDDE90623CDE91023DA
:109998000E9B1D40574B9D4240F0B0800E9BA3F19B
:1099A800547B4BEC10ABFFF7C1F9DDE9062351EC12
:1099B800100BF6F731FE52465B46F6F777FC0B467E
:1099C800484982464C4A1940914242D90D9A464B21
:1099D8009A4203D10C9B01333FF42BADDFF808B159
:1099E8004FF0FF3A1A990598FEF766FE4946059822
:1099F800FEF762FE41460598FEF75EFE2146059891
:109A0800FEF75AFE18E6BAF1010F03D10E9B002BA0
:109A18003FF4A5AD0026354F9FED297B8DED067BE4
:109A2800B1E70026324FAAE7314B304639460022CB
:109A3800F6F7F2FD0F9B06460F46002B9FD0CDE9A7
:109A48000667A0E79FED207B57EC176B8DED067B33
:109A580099E703F1547B089BCDF838B0002BC1D1AE
:109A68002BF000431B0D1B059D42BBD130463946E8
:109A7800F7F71AF9F6F7A2FD02460B4630463946C3
:109A8800CBF31306F6F710FC0B46024646EA0A0625
:109A9800CDE90C230F9B1E436DD00DA3D3E9002302
:109AA800F7F72CF800287FF4CFAC0BA3D3E90023F9
:109AB800DDE90C01F7F740F8002893D0C4E400BFB3
:109AC800000000000000F0BF000000000000F03FB0
:109AD8009535A094FFFFDF3F35E5AF350000E03F47
:109AE800FFFF0F000000F07FFFFFEF7F0000F03F57
:109AF8000000E03F0000E07FFFFF9F7C089B23B34E
:109B0800B5F1D46F21D83046394627A3D3E90023CD
:109B1800F6F7FEFFA0B139463046F7F755F80128A9
:109B280038BF0120F6F7FEFC0F9B06460F46FBB92F
:109B380001F1004314901593DDE91423CDE91023B6
:109B4800119B03F1D6635B1B1193DDE910AB9DED0F
:109B58000C0BFFF7EBF85046594653EC102BF6F771
:109B68005BFDDDE90C23F6F7A1FB82468B4672E725
:109B7800CDE91467E0E70EA3D3E90023F6F7BEFFAB
:109B88009AE700230B93199B179A1360FFF76DBA96
:109B9800652A3FF467AB452A3FF464AB0123FFF71E
:109BA800A0BB00BFAFF300800000C0FFFFFFDF4194
:109BB8009535A094FFFFCF3F014BFFF719BA00BFBF
:109BC80054010020242B2DE9F0478646904601D801
:109BD800012B06D1FDF78EFD162303600020BDE89A
:109BE800F0870D4633482A4615F8014B065D16F0F6
:109BF8000806F8D12D2C2DD12C780126951C33F090
:109C0800100209D1302C2AD12A7802F0DF02582A12
:109C180025D16C781023023506F1004C00220CF196
:109C2800FF3C1046BCFBF3F903FB19CAA4F130074B
:109C3800092F1BD83C46A34227DD571C07D0814576
:109C480020D301D1A2451DDB00FB0340012215F8FA
:109C5800014BEBE72B2C04BF2C78951CCFE7002B8E
:109C6800DAD1302C0CBF08230A23D5E7A4F1410729
:109C7800192F01D8373CDEE7A4F16107192F04D862
:109C8800573CD8E74FF0FF32E1E7531C08D12223B5
:109C98006046CEF80030B8F1000FA0D0691E06E08B
:109CA80006B14042B8F1000F99D0002AF6D1C8F8A1
:109CB800001094E7F1B00008FFF784BF2DE9F047E2
:109CC8001F468E6882460C46BE4290460B682DD8C9
:109CD800B1F90C2012F4906F26D06569096905EB7B
:109CE8004505A3EB01097B1C05EBD5754B446D10AD
:109CF8009D4238BF1D46530527D52946FEF710FC5F
:109D0800064660B34A462169FDF72FFDA38923F46F
:109D1800906343F08003A38126614E446561A5EBFF
:109D2800090526603E46A560BE4200D93E46324639
:109D380041462068FDF771FCA36800209B1BA360C7
:109D4800236833442360BDE8F0872A4600F05DFDB0
:109D580006460028E0D121695046FEF76DFB0C232A
:109D68004FF0FF30CAF80030A38943F04003A381C5
:109D7800E9E700002DE9F04F98468B899DB007462A
:109D88001B060D46144610D50B6973B94021FEF722
:109D9800C7FB2860286130B90C233B604FF0FF30C7
:109DA8001DB0BDE8F08F40236B610023CDF80C8017
:109DB8004FF00109DFF8A081099320238DF829309D
:109DC80030238DF82A3023469A4613F8012B0AB11E
:109DD800252AF9D1BAEB040B0BD05B46224629465B
:109DE8003846FFF76BFF013000F0A780099A5A4404
:109DF80009929AF80030002B00F09F8000234FF062
:109E0800FF320AF1010A049307938DF853301A932D
:109E1800CDE90523544605224F4814F8011BFDF7E8
:109E280096FC049AD8B9D00644BF20238DF8533045
:109E3800110744BF2B238DF853309AF800302A2B92
:109E480015D0079A544600204FF00A0C214611F805
:109E5800013B303B092B4BD9B0B1079214E0A0EB82
:109E68000803A24609FA03F313430493D2E7039BBA
:109E7800191D1B68002B0391BBBF5B4242F0020215
:109E880007930793B8BF049223782E2B0AD16378DF
:109E98002A2B32D1039B02341A1D1B6843EAE37351
:109EA80003920593DFF8C0A0032221785046FDF7FE
:109EB8004EFC38B1A0EB0A004022049B01348240DA
:109EC8001343049314F8011B062224488DF8281024
:109ED800FDF73DFC002836D0214B1BBB039B073305
:109EE80023F0070308330393099B334409936AE774
:109EF8000CFB02320C460120A8E7002301344FF086
:109F08000A0C19460593204610F8012B303A092A05
:109F180003D9002BC6D00591C4E70CFB01210446E8
:109F28000123F0E703AB2A4604A9384600930D4BFA
:109F3800FCF780FC421C0646D6D1AB895B063FF590
:109F48002DAF09982CE703AB2A4604A9384600939D
:109F5800044BFCF70BFFEDE7F1B10008FBB100087B
:109F68003D680008C59C0008F7B10008B1F90C204D
:109F78002DE9F041160705460C4654D44B68002BD2
:109F880002DC0B6C002B48DDE66A002E45D000236E
:109F980012F480522F68216A2B6030D0626DA38939
:109FA800590705D56368D21A636B0BB1236CD21AB3
:109FB8000023E66A216A2846B047431CA38906D1D4
:109FC80029681D292BD82A4A0A41D60727D40022F6
:109FD800D90462602269226004D5421C01D12B6831
:109FE80003B96065616B2F60B9B104F1440399420C
:109FF80002D02846FEF720FA002363630DE0012310
:10A008002846B0470246501CC9D12B68002BC6D041
:10A018001D2B01D0162B1DD12F60002021E043F00D
:10A0280040031BB21AE00F69002FF6D093070E68A1
:10A038000F600CBF4B690023A6EB07088B60B8F1D3
:10A04800000FEADD43463A46216A2846A66AB04729
:10A05800002808DCB4F90C3043F040034FF0FF301F
:10A06800A381BDE8F0810744A8EB0008E7E700BF3B
:10A07800FEFFBFDF38B50B6905460C4613B900254E
:10A08800284638BD18B1036A0BB9FDF72DFAB4F9A3
:10A098000C30002BF3D0626ED00704D4990502D49B
:10A0A800A06DFDF752FB28462146FFF75FFF636E60
:10A0B8000546DA07E4D4A3899B05E1D4A06DFDF732
:10A0C80045FBDDE710B56AB10139841810F8012B9A
:10A0D80011F8013F9A4203D1A04201D0002AF5D1DC
:10A0E800D01A10BD1046FCE738B50023054D0446CC
:10A0F80008462B60F6F742FF431C02D12B6803B1D8
:10A10800236038BD842300209FED010B704700BFFA
:10A11800000000000000F87F1FB514461A46094BDE
:10A1280005461B68D86854B9074B1C460091074977
:10A13800CDE901342B4600F0A3FB00F0B3FB044B40
:10A14800F4E700BF0401002045B2000817B2000878
:10A158000AB2000870B5A1FB02543CB92946FEF7C3
:10A16800DFF9064628B90026304670BD0C22026089
:10A17800F9E72A462146FDF76AFAF5E703694A1125
:10A18800B3EB611F2DE9F04300F1140445DD11F034
:10A198001F0104EB830604EB82050CD100F11007C4
:10A1A8002946B14234D39B1AEA1E9B00964238BF17
:10A1B8000023234415E054F82270C1F1200805F16A
:10A1C800040EA146CF407645F44615D89A1A0135B3
:10A1D8009200043AAE4238BF0022A318A75007B134
:10A1E80004331A1BA3424FEAA20208BF00230261EC
:10A1F80008BF4361BDE8F083DCF800C00CFA08FC36
:10A208004CEA070749F8047B5EF8047BCF40DAE79D
:10A2180051F804CB47F804CFC3E72346E1E7A0F1A0
:10A228003003092B02D82038C0B27047A0F161036F
:10A23800052B01D84738F7E7A0F14103052B01D8D2
:10A248002738F1E7002070472DE9F04F85B08A469E
:10A25800904602930B6801909C1CA14614F8010BD0
:10A268003028FAD0A9EB0303A3F1020BFFF7D7FFBD
:10A278000546002866D101229E494846FFF722FF7D
:10A288000746002865D199F801002646FFF7C7FF61
:10A29800002860D023461878994601333028FAD030
:10A2A800FFF7BDFFB0FA80F54FF0010B6D094A4684
:10A2B800164601323078FFF7B2FF0028F8D10122A4
:10A2C8008C493046FFF7FEFE00283ED144B9741C85
:10A2D8002246164601323078FFF7A1FF0028F8D150
:10A2E800A41BA700337803F0DF03502B3DD173780C
:10A2F8002B2B32D02D2B33D0711C00240878FFF77C
:10A308008EFF431EDBB2182B2FD8A0F1100211F8D4
:10A31800010FFFF784FF00F1FF3C0A235FFA8CFC72
:10A32800BCF1180F1ED904B152421744CAF80010E4
:10A33800EDB1BBF1000F0CBF06250025284605B07E
:10A34800BDE8F08F00252C46B1E7002CC8D1274680
:10A35800C8E74E462F460125C4E70024B11CCDE7C7
:10A368000124FBE703FB0200CFE73146DEE7A6EB5B
:10A3780009032946013B072B0ADC0198FEF75CF923
:10A38800044640B95C4B0246E4215C48FFF7C4FE32
:10A3980001315B10EFE700F1140A002355469B4694
:10A3A800B14537D345F804BBA5EB0A055846AD10AF
:10A3B80025616D01FEF734FAD8F800602D1AB54210
:10A3C80054DDAD1B20462946FEF7D1FD814678B104
:10A3D8006B1E4FF00109591103F01F025AF82110A2
:10A3E80009FA02F20A4203D04B4536DC4FF0020963
:10A3F8002F4429462046FFF7C1FED8F80830BB4253
:10A4080042DA21460198FEF757F900230E9AA32550
:10A41800136093E716F8012D2E2A12D0202B04D1B1
:10A4280045F804BB4FF0000B5B4630780393FFF709
:10A43800F6FE039B00F00F00984004334BEA000B34
:10A44800AEE7B145EAD801222A4930460393FFF71F
:10A4580039FE039B0028E1D1A2E7A91E2046FEF79A
:10A4680086FD0028C2D04FF00309C1E709DA751B41
:10A47800214601982A467F1BFEF738FB044600F167
:10A48800140A4FF00009B8E7D8F80450BD426FDD50
:10A49800ED1BAE4234DCD8F80C30022B22D0032B53
:10A4A80024D0012B15D1AE4213D1012E0BD1D8F8EF
:10A4B80004306225029A136001232361CAF8003030
:10A4C8000E9B1C603AE7711E2046FEF750FD0028DF
:10A4D800EDD121460198FEF7EFF800230E9A50259A
:10A4E80013602BE70F9B002BF3D1E0E70F9B002BAA
:10A4F800DDD1EEE798B000082BAF000846B200089F
:10A508006F1EB9F1000F30D127B139462046FEF74A
:10A518002EFD81467A11012307F01F0729465AF8B4
:10A5280022202046BB40761B0225134218BF49F063
:10A538000209FFF723FED8F80470B9F1000F47D0DD
:10A54800D8F80C30022B15D0032B17D0012B09D1CA
:10A5580019F0020F06D0DAF8003049EA030919F0B9
:10A56800010F0ED145F0100532E04FF00109D1E797
:10A578000125E2E70F9BC3F101030F930F9B002B0B
:10A58800F0D0D4F810B004F114034FF0000C4FEAE7
:10A598008B0A03EB8B01184653F8042BB2F1FF3FEB
:10A5A8001BD001320260022D04F114033CD1D8F80B
:10A5B8000020013AB24209D17111012206F01F06AA
:10A5C80053F8213002FA06F61E423AD145F020052A
:10A5D8000E9B1C60029B1F60B0E6994243F804CCB6
:10A5E800D9D8A3689B4517DB616801980131FEF74C
:10A5F80023F8814618B91A4B02468421C5E6226918
:10A6080004F10C010C3002329200FDF7AEF821463D
:10A618004C460198FEF750F823695A1C04EB830353
:10A62800226101225A61BEE722695A450BDD0121E8
:10A638002046FFF7A3FD0137D8F80830BB42FFF6E4
:10A64800E0AE0125C2E716F01F06FAD05344C6F162
:10A65800200653F8040CFEF7E3F8B042E7DBF0E716
:10A668002BAF0008C2F10802920070B5C2F12006B3
:10A678004368046803FA06F5D3402C43046040F8A5
:10A68800043F8842F4D370BD0368013330B511F834
:10A69800014B14B90360012030BD13F8012BA2F15E
:10A6A8004105192D98BF2032A242F0D00020F3E7CF
:10A6B8000B6801682DE9F04F5E1113F01F034FF08E
:10A6C800000587B002EB860682469046AB4618BF67
:10A6D800043601930295371F46F8045CB9463C4698
:10A6E8004B1C4A78039342B3104605910492FFF736
:10A6F80096FD002851D1049A0599202A18D8029B62
:10A708009B4513DD4C4506D2072D04DC2A464946F5
:10A718002046FFF7A7FF444551D90023A4F10409B7
:10A72800CDF808B044F8043C1D464C460399D7E7D9
:10A73800292A56D10231CAF80010BBF1000F50D0B7
:10A748004C4506D2072D04DC2A4649462046FFF729
:10A7580089FF444535D9A8F10402234653F8041B60
:10A768009F4242F8041FF9D23B1B033E01340022EA
:10A7780023F003030433B44288BF0423434443F85B
:10A78800042B9F42FBD23B681BB9474527D10123C5
:10A798003B60052007B0BDE8F08F01350BF1010BD8
:10A7A800082D05DD4445C1D90023043C012523605B
:10A7B800226800F00F0040EA02102060B6E7082582
:10A7C800B4E7019B002BDED0C3F120034FF0FF322A
:10A7D800DA4056F8043C134046F8043CD3E7043FFB
:10A7E800D1E70420D6E782B001B901A942B14BB143
:10A7F80013780B601278101E18BF012002B0704742
:10A808001046FBE76FF00100F8E72DE9F0418046BC
:10A8180015460C4621B91146BDE8F041FDF780BE4A
:10A828002AB9FDF709FE00242046BDE8F08100F0B2
:10A8380040F88542064602D8B5EB500FF4D82946B1
:10A848004046FDF76DFE07460028ECD0B5422A4683
:10A85800214628BF3246FCF788FF214640463C4641
:10A86800FDF7EAFDE0E70346084641B1FF2A04D9AF
:10A878008A224FF0FF301A60704701200A70704733
:10A888000EB403B503AB0146054853F8042B006822
:10A89800019300F03FF802B05DF804EB03B0704795
:10A8A80004010020062008B500F008FA0120F6F798
:10A8B80035FB51F8043C181F002BBCBF0B58C018BF
:10A8C80070479368013B002B936010B408DA9469D1
:10A8D800A34201DB0A2903D15DF8044B00F032B929
:10A8E8001368581C1060084619705DF8044B7047CF
:10A8F800F8B506460F461446D518AC4201D10020DB
:10A9080007E03A4614F8011B3046FFF7DAFF431C0C
:10A91800F3D1F8BD2DE9F04F0D469DB01446984689
:10A92800064618B1036A0BB9FCF7DEFD6B6ED90752
:10A9380005D4AB899A0502D4A86DFCF706FFAB894C
:10A948001B0701D52B699BB92946304600F038F919
:10A9580070B16B6EDC0704D54FF0FF301DB0BDE859
:10A96800F08FAB899805F7D4A86DFCF7EFFEF3E7F5
:10A978000023CDF80C804FF00109DFF8B48109936A
:10A9880020238DF8293030238DF82A3023469A4623
:10A9980013F8012B0AB1252AF9D1BAEB040B0BD015
:10A9A8005B46224629463046FFF7A2FF013000F0F9
:10A9B800A780099A5A4409929AF80030002B00F0AF
:10A9C8009F8000234FF0FF320AF1010A0493079396
:10A9D8008DF853301A93CDE905235446052254487F
:10A9E80014F8011BFCF7B3FE049AD8B9D10644BF8A
:10A9F80020238DF85330130744BF2B238DF8533091
:10AA08009AF800302A2B15D0079A544600204FF0A8
:10AA18000A0C214611F8013B303B092B4BD9B0B148
:10AA2800079214E0A0EB0803A24609FA03F31343C4
:10AA38000493D2E7039B191D1B68002B0391BBBF2E
:10AA48005B4242F0020207930793B8BF049223784F
:10AA58002E2B0AD163782A2B32D1039B02341A1D7C
:10AA68001B6843EAE37303920593DFF8D4A003223B
:10AA780021785046FCF76BFE38B1A0EB0A00402263
:10AA8800049B013482401343049314F8011B0622EB
:10AA980028488DF82810FCF75AFE00283FD0264B8E
:10AAA8001BBB039B073323F0070308330393099B5E
:10AAB8003B4409936AE70CFB02320C460120A8E7E5
:10AAC800002301344FF00A0C19460593204610F86C
:10AAD800012B303A092A03D9002BC6D00591C4E7C7
:10AAE8000CFB012104460123F0E703AB2A4604A925
:10AAF80030460093114BFBF79DFE0746781CD6D1D4
:10AB08006B6ED90705D4AB899A0502D4A86DFCF7FA
:10AB18001DFEAB895B063FF51FAF09981EE703AB27
:10AB28002A4604A930460093044BFCF71FF9E4E7D2
:10AB3800F1B10008FBB100083D680008F9A8000859
:10AB4800F7B10008F8B50E461446054618B1036A71
:10AB58000BB9FCF7C9FCA369A360A3891A0701D53F
:10AB6800236943B92146284600F02AF818B14FF066
:10AB7800FF373846F8BD2368F6B222693746981A77
:10AB88006369834205DC21462846FFF773FA0028EB
:10AB9800EDD1A368013BA36023685A1C22601E7094
:10ABA800431C62699A4204D0A389DB07E1D50A2EC7
:10ABB800DFD121462846FFF75DFA0028D9D0D6E72D
:10ABC80038B5294B05460C46186818B1036A0BB905
:10ABD800FCF78AFCB4F90C30190722D4DA0607D43A
:10ABE80009222A6043F040034FF0FF30A38133E08D
:10ABF800580712D5616B41B104F14403994202D060
:10AC08002846FDF719FC00236363A38923F0240376
:10AC1800A3810023636023692360A38943F00803A9
:10AC2800A38123694BB9A38903F42073B3F5007F8B
:10AC380003D02146284600F082F8B4F90C3013F00E
:10AC480001020AD00022A26062695242A26122690E
:10AC580042B913F08000C5D138BD990758BF626961
:10AC6800A260F4E70020F7E7040100201F2938B5A7
:10AC780005460C4604D9162303604FF0FF3038BD53
:10AC8800C26B12B152F821304BB9284600F030F8A7
:10AC9800224601462846BDE8384000F017B8012B87
:10ACA8000AD0591C03D1162303600120E7E70021CD
:10ACB800204642F8241098470020E0E7024B01465E
:10ACC8001868FFF7D3BF00BF0401002038B5002380
:10ACD800064D0446084611462B60F6F715F9431C45
:10ACE80002D12B6803B1236038BD00BF8423002044
:10ACF800F6F708B970B50C46B1F90E1096B01546BE
:10AD080000291E460CDAA389002113F0800F14BF16
:10AD180040234FF48063002031602B6016B070BD73
:10AD28006A4600F049F80028EDDB019901F470410A
:10AD3800A1F50053594259414FF48063EBE78B89E1
:10AD4800F7B59D0706460C4607D504F1470323606F
:10AD580023610123636103B0F0BD01AB6A46FFF7CD
:10AD6800C9FF009F054630463946FDF7D9FB48B96B
:10AD7800B4F90C309A05EED423F0030343F0020330
:10AD8800A381E2E7A389206043F08003A381019BAC
:10AD9800C4E904075BB1B4F90E10304600F01EF8A0
:10ADA80028B1A38923F0030343F00103A381A389F6
:10ADB8001D43A581CFE7000038B50023064D0446A2
:10ADC800084611462B60F6F7CFF8431C02D12B68D2
:10ADD80003B1236038BD00BF8423002038B50023A9
:10ADE800054D044608462B60F6F7C4F8431C02D10B
:10ADF8002B6803B1236038BD84230020F8B500BF59
:10AE0800F8BC08BC9E467047F8B500BFF8BC08BC43
:04AE18009E4670479B
:10AE200000000000000000000102030406070809FA
:10AE300053544D6963726F656C656374726F6E69AC
:10AE40006373000053544D33322056697274756138
:10AE50006C20436F6D506F727400000043444320B8
:10AE6000436F6E666967000043444320496E746512
:10AE7000726661636500494E4600696E66004E4128
:10AE80004E006E616E00300030313233343536376B
:10AE90003839414243444546003031323334353647
:10AEA0003738396162636465660065256C64004902
:10AEB0006E66696E697479004E614E005245454E6A
:10AEC00054206D616C6C6F6320737563636565649A
:10AED0006564002F6275696C642F676E752D746FE1
:10AEE0006F6C732D666F722D73746D33325F3132F8
:10AEF0002E332E72656C312E323032343039323688
:10AF00002D313731352F7372632F6E65776C69621F
:10AF10002F6E65776C69622F6C6962632F7374643E
:10AF20006C69622F64746F612E630042616C6C6F98
:10AF30006320737563636565646564002F6275697A
:10AF40006C642F676E752D746F6F6C732D666F72E6
:10AF50002D73746D33325F31322E332E72656C3146
:10AF60002E32303234303932362D313731352F737D
:10AF700072632F6E65776C69622F6E65776C69629C
:10AF80002F6C6962632F7374646C69622F6D7072C9
:10AF900065632E630000000005000000190000003A
:10AFA0007D000000000000000080E03779C34143CD
:10AFB000176E05B5B5B89346F5F93FE9034F384D1F
:10AFC000321D30F94877825A3CBF737FDD4F1575CB
:10AFD000000000000000F03F0000000000002440DE
:10AFE00000000000000059400000000000408F40B9
:10AFF000000000000088C34000000000006AF84024
:10B000000000000080842E4100000000D012634147
:10B010000000000084D797410000000065CDCD41BD
:10B02000000000205FA00242000000E8764837429E
:10B03000000000A2941A6D42000040E59C30A2423C
:10B040000000901EC4BCD64200003426F56B0C43B1
:10B050000080E03779C3414300A0D8855734764358
:10B0600000C84E676DC1AB43003D9160E458E143B9
:10B07000408CB5781DAF154450EFE2D6E41A4B442E
:10B0800092D54D06CFF08044F64AE1C7022DB54473
:10B09000B49DD9794378EA442E00000034000000C2
:10B0A000CEFBFFFFCB03000001000000000000000A
:10B0B00035000000CEFBFFFFCB03000001000000C5
:10B0C0000000000000000000BC89D897B2D29C3C70
:10B0D00033A7A8D523F649393DA7F444FD0FA5327F
:10B0E0009D978CCF08BA5B25436FAC642806681126
:10B0F0000020202020202020202028282828282048
:10B10000202020202020202020202020202020203F
:10B1100020881010101010101010101010101010A7
:10B120001004040404040404040404101010101097
:10B130001010414141414141010101010101010161
:10B1400001010101010101010101010110101010B3
:10B150001010424242424242020202020202020233
:10B160000202020202020202020202021010101087
:10B1700020000000000000000000000000000000AF
:10B1800000000000000000000000000000000000BF
:10B1900000000000000000000000000000000000AF
:10B1A000000000000000000000000000000000009F
:10B1B000000000000000000000000000000000008F
:10B1C000000000000000000000000000000000007F
:10B1D000000000000000000000000000000000006F
:10B1E000000000000000000000000000000000005F
:10B1F00000232D302B2000686C4C006566674546A7
:10B2000047004300504F534958002C2066756E6329
:10B2100074696F6E3A2000617373657274696F6E42
:10B220002022257322206661696C65643A20666974
:10B230006C6520222573222C206C696E65202564A4
:10B24000257325730A002F6275696C642F676E750C
:10B250002D746F6F6C732D666F722D73746D333236
:10B260005F31322E332E72656C312E3230323430F3
:10B270003932362D313731352F7372632F6E657742
:10B280006C69622F6E65776C69622F6C6962632FDF
:10B290007374646C69622F6764746F612D67657481
:08B2A0006865782E63000000D0
:08B2A800F04FFF7F01000000E0
:04B2B0007D02000813
:04B2B4005902000833
:10B2B8000090D003010000001000000009024300C4
:10B2C800020100C032090400000102020100052445
:10B2D80000100105240100010424020205240600CF
:10B2E800010705820308001009040100020A000092
:10B2F8000007050102400000070581024000000028
:10B3080015550008B5540008B9530008000000009E
:10B318003D52000851530008155300080000000072
:10B328000000000000000000CD520008855200080F
:10B33800F1550008755200080A0600020000004096
:10B348000100000031570008F1560008F5560008C2
:10B35800FD560008F95600081A0300000000000016
:10B3680000000000000000000000000000000000D5
:10B378000000000004030904120100020202004058
:10B3880083044057000201020301000059600008CD
:10B3980065600008716000088D600008E1600008C1
:10B3A800A9600008C5600008000000000300000054
:10B3B8004822002008010020000000004822002048
:10B3C800B022002018230020000000000000000028
:10B3D8000000000000000000000000000000000065
:10B3E8000000000000000000000000000000000055
:10B3F8000000000000000000000000000000000045
:10B4080000000000430000000000000000000000F1
:10B418000000000000000000000000000000000024
:10B4280000000000430000000000000000000000D1
:10B438000000000000000000000000000000000004
:10B4480000000000430000000000000000000000B1
:10B4580000000000000000000000000000000000E4
:10B468000000000043000000000000000000000091
:10B4780000000000000000000000000000000000C4
:10B488000000000043000000000000000000000071
:10B4980000000000000000000000000000000000A4
:10B4A8000000000043000000000000000000000051
:10B4B8000000000000000000000000000000000084
:10B4C8000000000043000000000000000000000031
:10B4D8000000000000000000000000000000000064
:10B4E800000000006FA80008EFA700080000000097
:10B4F800F0B0000898B0000845B2000845B200084E
:10B5080045B2000845B2000845B2000845B2000837
:10B5180045B2000845B2000845B20008FFFFFFFF2A
:10B52800FFFFFFFFFFFFFFFFFFFF00000100415388
:10B53800434949000000000000000000000000002E
:10B54800000000000000000000000000000041535F
:10B55800434949000000000000000000000000000E
:10B5680000000000000000000000000000000000D3
:0400000508001139A5
:00000001FF
